last_price,persian_date,adjClose,date,prev_price,symbol
36564,1399-01-20,12000.0,2020-04-08,,صبا
36564,1399-01-23,12161.0,2020-04-11,12000.0,صبا
36564,1399-01-24,12769.0,2020-04-12,12161.0,صبا
36564,1399-01-25,13407.0,2020-04-13,12769.0,صبا
36564,1399-01-26,14077.0,2020-04-14,13407.0,صبا
36564,1399-01-27,14780.0,2020-04-15,14077.0,صبا
36564,1399-01-30,15260.0,2020-04-18,14780.0,صبا
36564,1399-01-31,16023.0,2020-04-19,15260.0,صبا
36564,1399-02-01,16547.0,2020-04-20,16023.0,صبا
36564,1399-02-02,17256.0,2020-04-21,16547.0,صبا
36564,1399-02-03,18118.0,2020-04-22,17256.0,صبا
36564,1399-02-07,19920.0,2020-04-26,18118.0,صبا
36564,1399-02-08,20916.0,2020-04-27,19920.0,صبا
36564,1399-02-09,21953.0,2020-04-28,20916.0,صبا
36564,1399-02-10,23050.0,2020-04-29,21953.0,صبا
36564,1399-02-13,24202.0,2020-05-02,23050.0,صبا
36564,1399-02-14,25412.0,2020-05-03,24202.0,صبا
36564,1399-02-15,26682.0,2020-05-04,25412.0,صبا
36564,1399-02-16,26231.0,2020-05-05,26682.0,صبا
36564,1399-02-17,26391.0,2020-05-06,26231.0,صبا
36564,1399-02-20,28379.0,2020-05-09,26391.0,صبا
36564,1399-02-21,27985.0,2020-05-10,28379.0,صبا
36564,1399-02-22,26586.0,2020-05-11,27985.0,صبا
36564,1399-02-23,25257.0,2020-05-12,26586.0,صبا
36564,1399-02-24,23995.0,2020-05-13,25257.0,صبا
36564,1399-02-27,23413.0,2020-05-16,23995.0,صبا
36564,1399-02-28,22243.0,2020-05-17,23413.0,صبا
36564,1399-02-29,23068.0,2020-05-18,22243.0,صبا
36564,1399-02-30,22153.0,2020-05-19,23068.0,صبا
36564,1399-02-31,21146.0,2020-05-20,22153.0,صبا
36564,1399-03-03,21636.0,2020-05-23,21146.0,صبا
36564,1399-03-06,21400.0,2020-05-26,21636.0,صبا
36564,1399-03-07,21499.0,2020-05-27,21400.0,صبا
36564,1399-03-10,22515.0,2020-05-30,21499.0,صبا
36564,1399-03-11,22465.0,2020-05-31,22515.0,صبا
36564,1399-03-12,22096.0,2020-06-01,22465.0,صبا
36564,1399-03-13,22972.0,2020-06-02,22096.0,صبا
36564,1399-03-17,23967.0,2020-06-06,22972.0,صبا
36564,1399-03-18,25110.0,2020-06-07,23967.0,صبا
36564,1399-03-19,24226.0,2020-06-08,25110.0,صبا
36564,1399-03-20,23320.0,2020-06-09,24226.0,صبا
36564,1399-03-21,23455.0,2020-06-10,23320.0,صبا
36564,1399-03-24,24492.0,2020-06-13,23455.0,صبا
36564,1399-03-25,24038.0,2020-06-14,24492.0,صبا
36564,1399-03-26,24120.0,2020-06-15,24038.0,صبا
36564,1399-03-27,24321.0,2020-06-16,24120.0,صبا
36564,1399-03-31,25322.0,2020-06-20,24321.0,صبا
36564,1399-04-01,26350.0,2020-06-21,25322.0,صبا
36564,1399-04-02,27390.0,2020-06-22,26350.0,صبا
36564,1399-04-03,28454.0,2020-06-23,27390.0,صبا
36564,1399-04-04,28142.0,2020-06-24,28454.0,صبا
36564,1399-04-07,29459.0,2020-06-27,28142.0,صبا
36564,1399-04-08,29258.0,2020-06-28,29459.0,صبا
36564,1399-04-09,28043.0,2020-06-29,29258.0,صبا
36564,1399-04-10,29388.0,2020-06-30,28043.0,صبا
36564,1399-04-11,30818.0,2020-07-01,29388.0,صبا
36564,1399-04-14,30470.0,2020-07-04,30818.0,صبا
36564,1399-04-15,31265.0,2020-07-05,30470.0,صبا
36564,1399-04-16,32828.0,2020-07-06,31265.0,صبا
36564,1399-04-17,34469.0,2020-07-07,32828.0,صبا
36564,1399-04-18,35915.0,2020-07-08,34469.0,صبا
36564,1399-04-21,37057.0,2020-07-11,35915.0,صبا
36564,1399-04-22,38846.0,2020-07-12,37057.0,صبا
36564,1399-04-23,38641.0,2020-07-13,38846.0,صبا
36564,1399-04-24,37660.0,2020-07-14,38641.0,صبا
36564,1399-04-25,35777.0,2020-07-15,37660.0,صبا
36564,1399-04-28,33989.0,2020-07-18,35777.0,صبا
36564,1399-04-29,35464.0,2020-07-19,33989.0,صبا
36564,1399-04-30,36564.0,2020-07-20,35464.0,صبا
22509,1399-01-16,6389.0,2020-04-04,,شگویا
22509,1399-01-17,6572.0,2020-04-05,6389.0,شگویا
22509,1399-01-18,7219.0,2020-04-06,6572.0,شگویا
22509,1399-01-19,7579.0,2020-04-07,7219.0,شگویا
22509,1399-01-20,7957.0,2020-04-08,7579.0,شگویا
22509,1399-01-23,8354.0,2020-04-11,7957.0,شگویا
22509,1399-01-24,8674.0,2020-04-12,8354.0,شگویا
22509,1399-01-25,8868.0,2020-04-13,8674.0,شگویا
22509,1399-01-26,8425.0,2020-04-14,8868.0,شگویا
22509,1399-01-27,8396.0,2020-04-15,8425.0,شگویا
22509,1399-01-30,8815.0,2020-04-18,8396.0,شگویا
22509,1399-01-31,8973.0,2020-04-19,8815.0,شگویا
22509,1399-02-01,9414.0,2020-04-20,8973.0,شگویا
22509,1399-02-02,9884.0,2020-04-21,9414.0,شگویا
22509,1399-02-03,10378.0,2020-04-22,9884.0,شگویا
22509,1399-02-06,10896.0,2020-04-25,10378.0,شگویا
22509,1399-02-07,11986.0,2020-04-26,10896.0,شگویا
22509,1399-02-08,12575.0,2020-04-27,11986.0,شگویا
22509,1399-02-09,12300.0,2020-04-28,12575.0,شگویا
22509,1399-02-13,13557.0,2020-05-02,12300.0,شگویا
22509,1399-02-14,14234.0,2020-05-03,13557.0,شگویا
22509,1399-02-15,14854.0,2020-05-04,14234.0,شگویا
22509,1399-02-16,14113.0,2020-05-05,14854.0,شگویا
22509,1399-02-17,13512.0,2020-05-06,14113.0,شگویا
22509,1399-02-20,14106.0,2020-05-09,13512.0,شگویا
22509,1399-02-21,13744.0,2020-05-10,14106.0,شگویا
22509,1399-02-22,13057.0,2020-05-11,13744.0,شگویا
22509,1399-02-23,12511.0,2020-05-12,13057.0,شگویا
22509,1399-02-24,11886.0,2020-05-13,12511.0,شگویا
22509,1399-02-27,11626.0,2020-05-16,11886.0,شگویا
22509,1399-02-28,11045.0,2020-05-17,11626.0,شگویا
22509,1399-02-29,11511.0,2020-05-18,11045.0,شگویا
22509,1399-02-30,11782.0,2020-05-19,11511.0,شگویا
22509,1399-02-31,11232.0,2020-05-20,11782.0,شگویا
22509,1399-03-03,10852.0,2020-05-23,11232.0,شگویا
22509,1399-03-06,10457.0,2020-05-26,10852.0,شگویا
22509,1399-03-07,10419.0,2020-05-27,10457.0,شگویا
22509,1399-03-10,10908.0,2020-05-30,10419.0,شگویا
22509,1399-03-11,10877.0,2020-05-31,10908.0,شگویا
22509,1399-03-12,10792.0,2020-06-01,10877.0,شگویا
22509,1399-03-13,11188.0,2020-06-02,10792.0,شگویا
22509,1399-03-17,11714.0,2020-06-06,11188.0,شگویا
22509,1399-03-21,12126.0,2020-06-10,11714.0,شگویا
22509,1399-03-24,12140.0,2020-06-13,12126.0,شگویا
22509,1399-03-25,11598.0,2020-06-14,12140.0,شگویا
22509,1399-03-26,11411.0,2020-06-15,11598.0,شگویا
22509,1399-03-27,11816.0,2020-06-16,11411.0,شگویا
22509,1399-03-31,12391.0,2020-06-20,11816.0,شگویا
22509,1399-04-01,13010.0,2020-06-21,12391.0,شگویا
22509,1399-04-02,13583.0,2020-06-22,13010.0,شگویا
22509,1399-04-03,14147.0,2020-06-23,13583.0,شگویا
22509,1399-04-04,14563.0,2020-06-24,14147.0,شگویا
22509,1399-04-07,15264.0,2020-06-27,14563.0,شگویا
22509,1399-04-08,15578.0,2020-06-28,15264.0,شگویا
22509,1399-04-09,15742.0,2020-06-29,15578.0,شگویا
22509,1399-04-10,16529.0,2020-06-30,15742.0,شگویا
22509,1399-04-11,17352.0,2020-07-01,16529.0,شگویا
22509,1399-04-14,17244.0,2020-07-04,17352.0,شگویا
22509,1399-04-15,17608.0,2020-07-05,17244.0,شگویا
22509,1399-04-18,17937.0,2020-07-08,17608.0,شگویا
22509,1399-04-21,18489.0,2020-07-11,17937.0,شگویا
22509,1399-04-22,19413.0,2020-07-12,18489.0,شگویا
22509,1399-04-23,20369.0,2020-07-13,19413.0,شگویا
22509,1399-04-24,21387.0,2020-07-14,20369.0,شگویا
22509,1399-04-25,22456.0,2020-07-15,21387.0,شگویا
22509,1399-04-28,21334.0,2020-07-18,22456.0,شگویا
22509,1399-04-29,21439.0,2020-07-19,21334.0,شگویا
22509,1399-04-30,22509.0,2020-07-20,21439.0,شگویا
51990,1399-01-16,39656.0,2020-04-04,,شکلر
51990,1399-01-17,37940.0,2020-04-05,39656.0,شکلر
51990,1399-01-18,38152.0,2020-04-06,37940.0,شکلر
51990,1399-01-19,39899.0,2020-04-07,38152.0,شکلر
51990,1399-01-24,38406.0,2020-04-12,39899.0,شکلر
51990,1399-01-25,36761.0,2020-04-13,38406.0,شکلر
51990,1399-01-26,35087.0,2020-04-14,36761.0,شکلر
51990,1399-01-27,36616.0,2020-04-15,35087.0,شکلر
51990,1399-01-30,37836.0,2020-04-18,36616.0,شکلر
51990,1399-01-31,36223.0,2020-04-19,37836.0,شکلر
51990,1399-02-01,37392.0,2020-04-20,36223.0,شکلر
51990,1399-02-06,41062.0,2020-04-25,37392.0,شکلر
51990,1399-02-07,40672.0,2020-04-26,41062.0,شکلر
51990,1399-02-08,41343.0,2020-04-27,40672.0,شکلر
51990,1399-02-09,43158.0,2020-04-28,41343.0,شکلر
51990,1399-02-10,44162.0,2020-04-29,43158.0,شکلر
51990,1399-02-13,46033.0,2020-05-02,44162.0,شکلر
51990,1399-02-14,48301.0,2020-05-03,46033.0,شکلر
51990,1399-02-15,50716.0,2020-05-04,48301.0,شکلر
51990,1399-02-16,50966.0,2020-05-05,50716.0,شکلر
51990,1399-02-17,48795.0,2020-05-06,50966.0,شکلر
51990,1399-02-20,48623.0,2020-05-09,48795.0,شکلر
51990,1399-02-21,46416.0,2020-05-10,48623.0,شکلر
51990,1399-02-22,44725.0,2020-05-11,46416.0,شکلر
51990,1399-02-23,42613.0,2020-05-12,44725.0,شکلر
51990,1399-02-24,43231.0,2020-05-13,42613.0,شکلر
51990,1399-02-27,41676.0,2020-05-16,43231.0,شکلر
51990,1399-02-28,42144.0,2020-05-17,41676.0,شکلر
51990,1399-02-29,44128.0,2020-05-18,42144.0,شکلر
51990,1399-02-30,43214.0,2020-05-19,44128.0,شکلر
51990,1399-02-31,41125.0,2020-05-20,43214.0,شکلر
51990,1399-03-03,39681.0,2020-05-23,41125.0,شکلر
51990,1399-03-06,38074.0,2020-05-26,39681.0,شکلر
51990,1399-03-07,38574.0,2020-05-27,38074.0,شکلر
51990,1399-03-10,40195.0,2020-05-30,38574.0,شکلر
51990,1399-03-11,40651.0,2020-05-31,40195.0,شکلر
51990,1399-03-12,40281.0,2020-06-01,40651.0,شکلر
51990,1399-03-13,40538.0,2020-06-02,40281.0,شکلر
51990,1399-03-17,42253.0,2020-06-06,40538.0,شکلر
51990,1399-03-18,44233.0,2020-06-07,42253.0,شکلر
51990,1399-03-19,42768.0,2020-06-08,44233.0,شکلر
51990,1399-03-20,41364.0,2020-06-09,42768.0,شکلر
51990,1399-03-21,41652.0,2020-06-10,41364.0,شکلر
51990,1399-03-24,42280.0,2020-06-13,41652.0,شکلر
51990,1399-03-25,43200.0,2020-06-14,42280.0,شکلر
51990,1399-03-26,45360.0,2020-06-15,43200.0,شکلر
51990,1399-03-27,47620.0,2020-06-16,45360.0,شکلر
51990,1399-03-31,49730.0,2020-06-20,47620.0,شکلر
51990,1399-04-01,47420.0,2020-06-21,49730.0,شکلر
51990,1399-04-02,47490.0,2020-06-22,47420.0,شکلر
51990,1399-04-03,49190.0,2020-06-23,47490.0,شکلر
51990,1399-04-04,46930.0,2020-06-24,49190.0,شکلر
51990,1399-04-07,48020.0,2020-06-27,46930.0,شکلر
51990,1399-04-08,45930.0,2020-06-28,48020.0,شکلر
51990,1399-04-09,45430.0,2020-06-29,45930.0,شکلر
51990,1399-04-10,47700.0,2020-06-30,45430.0,شکلر
51990,1399-04-11,50070.0,2020-07-01,47700.0,شکلر
51990,1399-04-14,50960.0,2020-07-04,50070.0,شکلر
51990,1399-04-15,53490.0,2020-07-05,50960.0,شکلر
51990,1399-04-16,56160.0,2020-07-06,53490.0,شکلر
51990,1399-04-17,58570.0,2020-07-07,56160.0,شکلر
51990,1399-04-18,55700.0,2020-07-08,58570.0,شکلر
51990,1399-04-21,54610.0,2020-07-11,55700.0,شکلر
51990,1399-04-22,56960.0,2020-07-12,54610.0,شکلر
51990,1399-04-23,54430.0,2020-07-13,56960.0,شکلر
51990,1399-04-24,52040.0,2020-07-14,54430.0,شکلر
51990,1399-04-25,52500.0,2020-07-15,52040.0,شکلر
51990,1399-04-28,54380.0,2020-07-18,52500.0,شکلر
51990,1399-04-29,52820.0,2020-07-19,54380.0,شکلر
51990,1399-04-30,51990.0,2020-07-20,52820.0,شکلر
38590,1399-01-27,8600.0,2020-04-15,,شستا
38590,1399-01-30,8889.0,2020-04-18,8600.0,شستا
38590,1399-01-31,9027.0,2020-04-19,8889.0,شستا
38590,1399-02-01,9269.0,2020-04-20,9027.0,شستا
38590,1399-02-02,9483.0,2020-04-21,9269.0,شستا
38590,1399-02-03,9722.0,2020-04-22,9483.0,شستا
38590,1399-02-06,10027.0,2020-04-25,9722.0,شستا
38590,1399-02-07,10480.0,2020-04-26,10027.0,شستا
38590,1399-02-08,10926.0,2020-04-27,10480.0,شستا
38590,1399-02-09,11472.0,2020-04-28,10926.0,شستا
38590,1399-02-10,12031.0,2020-04-29,11472.0,شستا
38590,1399-02-13,12636.0,2020-05-02,12031.0,شستا
38590,1399-02-14,13267.0,2020-05-03,12636.0,شستا
38590,1399-02-16,14465.0,2020-05-05,13267.0,شستا
38590,1399-02-21,15188.0,2020-05-10,14465.0,شستا
38590,1399-02-22,15947.0,2020-05-11,15188.0,شستا
38590,1399-02-23,16324.0,2020-05-12,15947.0,شستا
38590,1399-02-24,15548.0,2020-05-13,16324.0,شستا
38590,1399-02-27,14772.0,2020-05-16,15548.0,شستا
38590,1399-02-28,14399.0,2020-05-17,14772.0,شستا
38590,1399-02-29,15118.0,2020-05-18,14399.0,شستا
38590,1399-02-30,15273.0,2020-05-19,15118.0,شستا
38590,1399-02-31,15081.0,2020-05-20,15273.0,شستا
38590,1399-03-03,14430.0,2020-05-23,15081.0,شستا
38590,1399-03-06,13709.0,2020-05-26,14430.0,شستا
38590,1399-03-07,14394.0,2020-05-27,13709.0,شستا
38590,1399-03-10,15113.0,2020-05-30,14394.0,شستا
38590,1399-03-11,15023.0,2020-05-31,15113.0,شستا
38590,1399-03-12,15515.0,2020-06-01,15023.0,شستا
38590,1399-03-13,16215.0,2020-06-02,15515.0,شستا
38590,1399-03-17,17025.0,2020-06-06,16215.0,شستا
38590,1399-03-18,17874.0,2020-06-07,17025.0,شستا
38590,1399-03-19,18276.0,2020-06-08,17874.0,شستا
38590,1399-03-20,18101.0,2020-06-09,18276.0,شستا
38590,1399-03-21,18156.0,2020-06-10,18101.0,شستا
38590,1399-03-24,18430.0,2020-06-13,18156.0,شستا
38590,1399-03-25,17830.0,2020-06-14,18430.0,شستا
38590,1399-03-26,18100.0,2020-06-15,17830.0,شستا
38590,1399-03-27,18310.0,2020-06-16,18100.0,شستا
38590,1399-03-31,19070.0,2020-06-20,18310.0,شستا
38590,1399-04-01,19990.0,2020-06-21,19070.0,شستا
38590,1399-04-02,20980.0,2020-06-22,19990.0,شستا
38590,1399-04-03,21860.0,2020-06-23,20980.0,شستا
38590,1399-04-04,22540.0,2020-06-24,21860.0,شستا
38590,1399-04-07,23660.0,2020-06-27,22540.0,شستا
38590,1399-04-08,24660.0,2020-06-28,23660.0,شستا
38590,1399-04-09,25480.0,2020-06-29,24660.0,شستا
38590,1399-04-10,26750.0,2020-06-30,25480.0,شستا
38590,1399-04-11,27890.0,2020-07-01,26750.0,شستا
38590,1399-04-18,29280.0,2020-07-08,27890.0,شستا
38590,1399-04-21,30740.0,2020-07-11,29280.0,شستا
38590,1399-04-22,32270.0,2020-07-12,30740.0,شستا
38590,1399-04-23,33880.0,2020-07-13,32270.0,شستا
38590,1399-04-24,35570.0,2020-07-14,33880.0,شستا
38590,1399-04-25,35930.0,2020-07-15,35570.0,شستا
38590,1399-04-28,36760.0,2020-07-18,35930.0,شستا
38590,1399-04-29,38590.0,2020-07-19,36760.0,شستا
14440,1399-01-16,6477.0,2020-04-04,,سدور
14440,1399-01-17,6724.0,2020-04-05,6477.0,سدور
14440,1399-01-18,6975.0,2020-04-06,6724.0,سدور
14440,1399-01-19,7064.0,2020-04-07,6975.0,سدور
14440,1399-01-20,7197.0,2020-04-08,7064.0,سدور
14440,1399-01-23,7538.0,2020-04-11,7197.0,سدور
14440,1399-01-24,7811.0,2020-04-12,7538.0,سدور
14440,1399-01-25,8095.0,2020-04-13,7811.0,سدور
14440,1399-01-26,8047.0,2020-04-14,8095.0,سدور
14440,1399-01-27,8258.0,2020-04-15,8047.0,سدور
14440,1399-01-30,8601.0,2020-04-18,8258.0,سدور
14440,1399-01-31,8937.0,2020-04-19,8601.0,سدور
14440,1399-02-01,9023.0,2020-04-20,8937.0,سدور
14440,1399-02-02,8874.0,2020-04-21,9023.0,سدور
14440,1399-02-03,8756.0,2020-04-22,8874.0,سدور
14440,1399-02-06,9148.0,2020-04-25,8756.0,سدور
14440,1399-02-07,9459.0,2020-04-26,9148.0,سدور
14440,1399-02-08,9758.0,2020-04-27,9459.0,سدور
14440,1399-02-09,10081.0,2020-04-28,9758.0,سدور
14440,1399-02-10,10543.0,2020-04-29,10081.0,سدور
14440,1399-02-13,11002.0,2020-05-02,10543.0,سدور
14440,1399-02-14,11547.0,2020-05-03,11002.0,سدور
14440,1399-02-20,12575.0,2020-05-09,11547.0,سدور
14440,1399-02-21,13183.0,2020-05-10,12575.0,سدور
14440,1399-02-22,12980.0,2020-05-11,13183.0,سدور
14440,1399-02-23,12782.0,2020-05-12,12980.0,سدور
14440,1399-02-24,12167.0,2020-05-13,12782.0,سدور
14440,1399-02-30,11716.0,2020-05-19,12167.0,سدور
14440,1399-02-31,11557.0,2020-05-20,11716.0,سدور
14440,1399-03-03,11472.0,2020-05-23,11557.0,سدور
14440,1399-03-06,11452.0,2020-05-26,11472.0,سدور
14440,1399-03-07,10899.0,2020-05-27,11452.0,سدور
14440,1399-03-10,11179.0,2020-05-30,10899.0,سدور
14440,1399-03-11,10704.0,2020-05-31,11179.0,سدور
14440,1399-03-12,10197.0,2020-06-01,10704.0,سدور
14440,1399-03-13,10507.0,2020-06-02,10197.0,سدور
14440,1399-03-17,10673.0,2020-06-06,10507.0,سدور
14440,1399-03-18,10910.0,2020-06-07,10673.0,سدور
14440,1399-03-19,11347.0,2020-06-08,10910.0,سدور
14440,1399-03-20,11585.0,2020-06-09,11347.0,سدور
14440,1399-03-21,11713.0,2020-06-10,11585.0,سدور
14440,1399-03-24,11870.0,2020-06-13,11713.0,سدور
14440,1399-03-25,12190.0,2020-06-14,11870.0,سدور
14440,1399-03-26,12460.0,2020-06-15,12190.0,سدور
14440,1399-03-27,12760.0,2020-06-16,12460.0,سدور
14440,1399-03-31,13080.0,2020-06-20,12760.0,سدور
14440,1399-04-01,13170.0,2020-06-21,13080.0,سدور
14440,1399-04-02,13480.0,2020-06-22,13170.0,سدور
14440,1399-04-03,14060.0,2020-06-23,13480.0,سدور
14440,1399-04-04,14440.0,2020-06-24,14060.0,سدور
14440,1399-04-07,15160.0,2020-06-27,14440.0,سدور
14440,1399-04-08,15360.0,2020-06-28,15160.0,سدور
14440,1399-04-09,14620.0,2020-06-29,15360.0,سدور
14440,1399-04-10,15290.0,2020-06-30,14620.0,سدور
14440,1399-04-11,15830.0,2020-07-01,15290.0,سدور
14440,1399-04-14,15920.0,2020-07-04,15830.0,سدور
14440,1399-04-15,15800.0,2020-07-05,15920.0,سدور
14440,1399-04-16,15370.0,2020-07-06,15800.0,سدور
14440,1399-04-17,14620.0,2020-07-07,15370.0,سدور
14440,1399-04-18,13890.0,2020-07-08,14620.0,سدور
14440,1399-04-21,13230.0,2020-07-11,13890.0,سدور
14440,1399-04-22,13680.0,2020-07-12,13230.0,سدور
14440,1399-04-23,13090.0,2020-07-13,13680.0,سدور
14440,1399-04-24,12700.0,2020-07-14,13090.0,سدور
14440,1399-04-25,12830.0,2020-07-15,12700.0,سدور
14440,1399-04-28,13270.0,2020-07-18,12830.0,سدور
14440,1399-04-29,13760.0,2020-07-19,13270.0,سدور
14440,1399-04-30,14440.0,2020-07-20,13760.0,سدور
44220,1399-01-17,21707.0,2020-04-05,,زکوثر
44220,1399-01-18,22792.0,2020-04-06,21707.0,زکوثر
44220,1399-01-19,23931.0,2020-04-07,22792.0,زکوثر
44220,1399-01-20,25127.0,2020-04-08,23931.0,زکوثر
44220,1399-01-23,26383.0,2020-04-11,25127.0,زکوثر
44220,1399-01-24,27700.0,2020-04-12,26383.0,زکوثر
44220,1399-01-25,27142.0,2020-04-13,27700.0,زکوثر
44220,1399-01-26,25834.0,2020-04-14,27142.0,زکوثر
44220,1399-01-27,25090.0,2020-04-15,25834.0,زکوثر
44220,1399-01-30,26344.0,2020-04-18,25090.0,زکوثر
44220,1399-01-31,25105.0,2020-04-19,26344.0,زکوثر
44220,1399-02-01,25888.0,2020-04-20,25105.0,زکوثر
44220,1399-02-02,26556.0,2020-04-21,25888.0,زکوثر
44220,1399-02-03,27836.0,2020-04-22,26556.0,زکوثر
44220,1399-02-06,29227.0,2020-04-25,27836.0,زکوثر
44220,1399-02-07,30688.0,2020-04-26,29227.0,زکوثر
44220,1399-02-08,31030.0,2020-04-27,30688.0,زکوثر
44220,1399-02-09,32190.0,2020-04-28,31030.0,زکوثر
44220,1399-02-10,33506.0,2020-04-29,32190.0,زکوثر
44220,1399-02-13,35129.0,2020-05-02,33506.0,زکوثر
44220,1399-02-14,36885.0,2020-05-03,35129.0,زکوثر
44220,1399-02-15,35994.0,2020-05-04,36885.0,زکوثر
44220,1399-02-16,34638.0,2020-05-05,35994.0,زکوثر
44220,1399-02-17,32973.0,2020-05-06,34638.0,زکوثر
44220,1399-02-20,33351.0,2020-05-09,32973.0,زکوثر
44220,1399-02-21,32066.0,2020-05-10,33351.0,زکوثر
44220,1399-02-22,30702.0,2020-05-11,32066.0,زکوثر
44220,1399-02-23,29791.0,2020-05-12,30702.0,زکوثر
44220,1399-02-24,30238.0,2020-05-13,29791.0,زکوثر
44220,1399-02-27,29197.0,2020-05-16,30238.0,زکوثر
44220,1399-02-28,30081.0,2020-05-17,29197.0,زکوثر
44220,1399-02-29,31585.0,2020-05-18,30081.0,زکوثر
44220,1399-02-30,33091.0,2020-05-19,31585.0,زکوثر
44220,1399-02-31,32005.0,2020-05-20,33091.0,زکوثر
44220,1399-03-03,30496.0,2020-05-23,32005.0,زکوثر
44220,1399-03-06,28986.0,2020-05-26,30496.0,زکوثر
44220,1399-03-07,28431.0,2020-05-27,28986.0,زکوثر
44220,1399-03-10,29842.0,2020-05-30,28431.0,زکوثر
44220,1399-03-11,28851.0,2020-05-31,29842.0,زکوثر
44220,1399-03-12,29037.0,2020-06-01,28851.0,زکوثر
44220,1399-03-13,30320.0,2020-06-02,29037.0,زکوثر
44220,1399-03-17,31836.0,2020-06-06,30320.0,زکوثر
44220,1399-03-18,33427.0,2020-06-07,31836.0,زکوثر
44220,1399-03-19,34791.0,2020-06-08,33427.0,زکوثر
44220,1399-03-20,36342.0,2020-06-09,34791.0,زکوثر
44220,1399-03-21,38036.0,2020-06-10,36342.0,زکوثر
44220,1399-03-24,39840.0,2020-06-13,38036.0,زکوثر
44220,1399-03-25,40650.0,2020-06-14,39840.0,زکوثر
44220,1399-03-26,39150.0,2020-06-15,40650.0,زکوثر
44220,1399-03-27,40960.0,2020-06-16,39150.0,زکوثر
44220,1399-03-31,42620.0,2020-06-20,40960.0,زکوثر
44220,1399-04-01,41200.0,2020-06-21,42620.0,زکوثر
44220,1399-04-02,42800.0,2020-06-22,41200.0,زکوثر
44220,1399-04-03,43520.0,2020-06-23,42800.0,زکوثر
44220,1399-04-07,43300.0,2020-06-27,43520.0,زکوثر
44220,1399-04-08,41280.0,2020-06-28,43300.0,زکوثر
44220,1399-04-09,40100.0,2020-06-29,41280.0,زکوثر
44220,1399-04-10,42030.0,2020-06-30,40100.0,زکوثر
44220,1399-04-11,42310.0,2020-07-01,42030.0,زکوثر
44220,1399-04-14,40590.0,2020-07-04,42310.0,زکوثر
44220,1399-04-15,40650.0,2020-07-05,40590.0,زکوثر
44220,1399-04-16,42630.0,2020-07-06,40650.0,زکوثر
44220,1399-04-17,41010.0,2020-07-07,42630.0,زکوثر
44220,1399-04-18,39270.0,2020-07-08,41010.0,زکوثر
44220,1399-04-21,38970.0,2020-07-11,39270.0,زکوثر
44220,1399-04-22,40790.0,2020-07-12,38970.0,زکوثر
44220,1399-04-23,40550.0,2020-07-13,40790.0,زکوثر
44220,1399-04-24,39800.0,2020-07-14,40550.0,زکوثر
44220,1399-04-25,40780.0,2020-07-15,39800.0,زکوثر
44220,1399-04-28,42730.0,2020-07-18,40780.0,زکوثر
44220,1399-04-29,44620.0,2020-07-19,42730.0,زکوثر
44220,1399-04-30,44220.0,2020-07-20,44620.0,زکوثر
9610,1399-02-07,2729.0,2020-04-26,,خگستر
9610,1399-02-08,2863.0,2020-04-27,2729.0,خگستر
9610,1399-02-09,3006.0,2020-04-28,2863.0,خگستر
9610,1399-02-10,3156.0,2020-04-29,3006.0,خگستر
9610,1399-02-13,3313.0,2020-05-02,3156.0,خگستر
9610,1399-02-14,3478.0,2020-05-03,3313.0,خگستر
9610,1399-02-15,3651.0,2020-05-04,3478.0,خگستر
9610,1399-02-16,3761.0,2020-05-05,3651.0,خگستر
9610,1399-02-17,3894.0,2020-05-06,3761.0,خگستر
9610,1399-02-20,4088.0,2020-05-09,3894.0,خگستر
9610,1399-02-21,4292.0,2020-05-10,4088.0,خگستر
9610,1399-02-23,4451.0,2020-05-12,4292.0,خگستر
9610,1399-02-24,4639.0,2020-05-13,4451.0,خگستر
9610,1399-02-27,4560.0,2020-05-16,4639.0,خگستر
9610,1399-02-28,4471.0,2020-05-17,4560.0,خگستر
9610,1399-02-29,4683.0,2020-05-18,4471.0,خگستر
9610,1399-02-30,4915.0,2020-05-19,4683.0,خگستر
9610,1399-02-31,5153.0,2020-05-20,4915.0,خگستر
9610,1399-03-03,4919.0,2020-05-23,5153.0,خگستر
9610,1399-03-06,4683.0,2020-05-26,4919.0,خگستر
9610,1399-03-07,4449.0,2020-05-27,4683.0,خگستر
9610,1399-03-10,4324.0,2020-05-30,4449.0,خگستر
9610,1399-03-11,4108.0,2020-05-31,4324.0,خگستر
9610,1399-03-12,3903.0,2020-06-01,4108.0,خگستر
9610,1399-03-13,4020.0,2020-06-02,3903.0,خگستر
9610,1399-03-17,3956.0,2020-06-06,4020.0,خگستر
9610,1399-03-18,4134.0,2020-06-07,3956.0,خگستر
9610,1399-03-19,4081.0,2020-06-08,4134.0,خگستر
9610,1399-03-20,4069.0,2020-06-09,4081.0,خگستر
9610,1399-03-21,4270.0,2020-06-10,4069.0,خگستر
9610,1399-03-25,4480.0,2020-06-14,4270.0,خگستر
9610,1399-03-26,4700.0,2020-06-15,4480.0,خگستر
9610,1399-03-27,4930.0,2020-06-16,4700.0,خگستر
9610,1399-03-31,5170.0,2020-06-20,4930.0,خگستر
9610,1399-04-01,5420.0,2020-06-21,5170.0,خگستر
9610,1399-04-02,5510.0,2020-06-22,5420.0,خگستر
9610,1399-04-03,5740.0,2020-06-23,5510.0,خگستر
9610,1399-04-04,5960.0,2020-06-24,5740.0,خگستر
9610,1399-04-07,6250.0,2020-06-27,5960.0,خگستر
9610,1399-04-08,6420.0,2020-06-28,6250.0,خگستر
9610,1399-04-09,6300.0,2020-06-29,6420.0,خگستر
9610,1399-04-10,6610.0,2020-06-30,6300.0,خگستر
9610,1399-04-11,6940.0,2020-07-01,6610.0,خگستر
9610,1399-04-14,7230.0,2020-07-04,6940.0,خگستر
9610,1399-04-15,7590.0,2020-07-05,7230.0,خگستر
9610,1399-04-16,7960.0,2020-07-06,7590.0,خگستر
9610,1399-04-17,8350.0,2020-07-07,7960.0,خگستر
9610,1399-04-18,8760.0,2020-07-08,8350.0,خگستر
9610,1399-04-22,9190.0,2020-07-12,8760.0,خگستر
9610,1399-04-23,9640.0,2020-07-13,9190.0,خگستر
9610,1399-04-28,8860.0,2020-07-18,9640.0,خگستر
9610,1399-04-29,9160.0,2020-07-19,8860.0,خگستر
9610,1399-04-30,9610.0,2020-07-20,9160.0,خگستر
58320,1399-01-16,18117.0,2020-04-04,,حکشتی
58320,1399-01-17,17502.0,2020-04-05,18117.0,حکشتی
58320,1399-01-18,16840.0,2020-04-06,17502.0,حکشتی
58320,1399-01-19,17598.0,2020-04-07,16840.0,حکشتی
58320,1399-01-20,18454.0,2020-04-08,17598.0,حکشتی
58320,1399-01-23,19376.0,2020-04-11,18454.0,حکشتی
58320,1399-01-24,20177.0,2020-04-12,19376.0,حکشتی
58320,1399-01-25,21185.0,2020-04-13,20177.0,حکشتی
58320,1399-01-26,21757.0,2020-04-14,21185.0,حکشتی
58320,1399-01-27,22844.0,2020-04-15,21757.0,حکشتی
58320,1399-01-30,23979.0,2020-04-18,22844.0,حکشتی
58320,1399-01-31,24757.0,2020-04-19,23979.0,حکشتی
58320,1399-02-01,25624.0,2020-04-20,24757.0,حکشتی
58320,1399-02-02,26707.0,2020-04-21,25624.0,حکشتی
58320,1399-02-10,29359.0,2020-04-29,26707.0,حکشتی
58320,1399-02-13,30822.0,2020-05-02,29359.0,حکشتی
58320,1399-02-14,32363.0,2020-05-03,30822.0,حکشتی
58320,1399-02-15,31845.0,2020-05-04,32363.0,حکشتی
58320,1399-02-16,30824.0,2020-05-05,31845.0,حکشتی
58320,1399-02-17,29405.0,2020-05-06,30824.0,حکشتی
58320,1399-02-20,30787.0,2020-05-09,29405.0,حکشتی
58320,1399-02-21,31211.0,2020-05-10,30787.0,حکشتی
58320,1399-02-22,29781.0,2020-05-11,31211.0,حکشتی
58320,1399-02-23,28292.0,2020-05-12,29781.0,حکشتی
58320,1399-02-24,25804.0,2020-05-13,28292.0,حکشتی
58320,1399-02-27,24256.0,2020-05-16,25804.0,حکشتی
58320,1399-02-28,25468.0,2020-05-17,24256.0,حکشتی
58320,1399-02-29,26741.0,2020-05-18,25468.0,حکشتی
58320,1399-02-30,28078.0,2020-05-19,26741.0,حکشتی
58320,1399-02-31,29481.0,2020-05-20,28078.0,حکشتی
58320,1399-03-03,30581.0,2020-05-23,29481.0,حکشتی
58320,1399-03-13,27403.0,2020-06-02,30581.0,حکشتی
58320,1399-03-17,27150.0,2020-06-06,27403.0,حکشتی
58320,1399-03-18,28471.0,2020-06-07,27150.0,حکشتی
58320,1399-03-19,27913.0,2020-06-08,28471.0,حکشتی
58320,1399-03-20,26606.0,2020-06-09,27913.0,حکشتی
58320,1399-03-21,25915.0,2020-06-10,26606.0,حکشتی
58320,1399-03-24,27130.0,2020-06-13,25915.0,حکشتی
58320,1399-03-25,26360.0,2020-06-14,27130.0,حکشتی
58320,1399-03-26,27060.0,2020-06-15,26360.0,حکشتی
58320,1399-03-27,28410.0,2020-06-16,27060.0,حکشتی
58320,1399-03-31,29830.0,2020-06-20,28410.0,حکشتی
58320,1399-04-01,31320.0,2020-06-21,29830.0,حکشتی
58320,1399-04-02,32790.0,2020-06-22,31320.0,حکشتی
58320,1399-04-03,34420.0,2020-06-23,32790.0,حکشتی
58320,1399-04-04,36140.0,2020-06-24,34420.0,حکشتی
58320,1399-04-07,37940.0,2020-06-27,36140.0,حکشتی
58320,1399-04-08,39830.0,2020-06-28,37940.0,حکشتی
58320,1399-04-09,39800.0,2020-06-29,39830.0,حکشتی
58320,1399-04-10,41470.0,2020-06-30,39800.0,حکشتی
58320,1399-04-16,43540.0,2020-07-06,41470.0,حکشتی
58320,1399-04-17,45710.0,2020-07-07,43540.0,حکشتی
58320,1399-04-18,47010.0,2020-07-08,45710.0,حکشتی
58320,1399-04-21,47730.0,2020-07-11,47010.0,حکشتی
58320,1399-04-22,50110.0,2020-07-12,47730.0,حکشتی
58320,1399-04-23,52610.0,2020-07-13,50110.0,حکشتی
58320,1399-04-24,55240.0,2020-07-14,52610.0,حکشتی
58320,1399-04-25,57700.0,2020-07-15,55240.0,حکشتی
58320,1399-04-28,54820.0,2020-07-18,57700.0,حکشتی
58320,1399-04-29,55550.0,2020-07-19,54820.0,حکشتی
58320,1399-04-30,58320.0,2020-07-20,55550.0,حکشتی
17440,1399-01-18,5607.0,2020-04-06,,تملت
17440,1399-01-19,5632.0,2020-04-07,5607.0,تملت
17440,1399-01-20,5913.0,2020-04-08,5632.0,تملت
17440,1399-01-23,6511.0,2020-04-11,5913.0,تملت
17440,1399-01-24,6836.0,2020-04-12,6511.0,تملت
17440,1399-01-25,6707.0,2020-04-13,6836.0,تملت
17440,1399-01-26,6435.0,2020-04-14,6707.0,تملت
17440,1399-01-27,6730.0,2020-04-15,6435.0,تملت
17440,1399-01-30,7066.0,2020-04-18,6730.0,تملت
17440,1399-01-31,7301.0,2020-04-19,7066.0,تملت
17440,1399-02-01,7666.0,2020-04-20,7301.0,تملت
17440,1399-02-02,7738.0,2020-04-21,7666.0,تملت
17440,1399-02-03,8124.0,2020-04-22,7738.0,تملت
17440,1399-02-06,8530.0,2020-04-25,8124.0,تملت
17440,1399-02-07,8757.0,2020-04-26,8530.0,تملت
17440,1399-02-08,9194.0,2020-04-27,8757.0,تملت
17440,1399-02-09,9653.0,2020-04-28,9194.0,تملت
17440,1399-02-10,9834.0,2020-04-29,9653.0,تملت
17440,1399-02-15,10795.0,2020-05-04,9834.0,تملت
17440,1399-02-16,11229.0,2020-05-05,10795.0,تملت
17440,1399-02-17,11593.0,2020-05-06,11229.0,تملت
17440,1399-02-20,12172.0,2020-05-09,11593.0,تملت
17440,1399-02-21,12780.0,2020-05-10,12172.0,تملت
17440,1399-02-22,13411.0,2020-05-11,12780.0,تملت
17440,1399-02-23,12741.0,2020-05-12,13411.0,تملت
17440,1399-02-24,12299.0,2020-05-13,12741.0,تملت
17440,1399-02-30,11068.0,2020-05-19,12299.0,تملت
17440,1399-02-31,10636.0,2020-05-20,11068.0,تملت
17440,1399-03-03,10144.0,2020-05-23,10636.0,تملت
17440,1399-03-06,10259.0,2020-05-26,10144.0,تملت
17440,1399-03-07,10631.0,2020-05-27,10259.0,تملت
17440,1399-03-10,11162.0,2020-05-30,10631.0,تملت
17440,1399-03-11,11607.0,2020-05-31,11162.0,تملت
17440,1399-03-12,12091.0,2020-06-01,11607.0,تملت
17440,1399-03-13,12686.0,2020-06-02,12091.0,تملت
17440,1399-03-17,13320.0,2020-06-06,12686.0,تملت
17440,1399-03-18,13986.0,2020-06-07,13320.0,تملت
17440,1399-03-19,14636.0,2020-06-08,13986.0,تملت
17440,1399-03-20,15252.0,2020-06-09,14636.0,تملت
17440,1399-03-21,16014.0,2020-06-10,15252.0,تملت
17440,1399-03-24,16620.0,2020-06-13,16014.0,تملت
17440,1399-03-27,17450.0,2020-06-16,16620.0,تملت
17440,1399-03-31,18010.0,2020-06-20,17450.0,تملت
17440,1399-04-01,17110.0,2020-06-21,18010.0,تملت
17440,1399-04-02,17120.0,2020-06-22,17110.0,تملت
17440,1399-04-03,17850.0,2020-06-23,17120.0,تملت
17440,1399-04-04,17720.0,2020-06-24,17850.0,تملت
17440,1399-04-07,17300.0,2020-06-27,17720.0,تملت
17440,1399-04-08,16660.0,2020-06-28,17300.0,تملت
17440,1399-04-09,16550.0,2020-06-29,16660.0,تملت
17440,1399-04-10,17360.0,2020-06-30,16550.0,تملت
17440,1399-04-11,18210.0,2020-07-01,17360.0,تملت
17440,1399-04-14,17630.0,2020-07-04,18210.0,تملت
17440,1399-04-15,17760.0,2020-07-05,17630.0,تملت
17440,1399-04-16,18610.0,2020-07-06,17760.0,تملت
17440,1399-04-17,18190.0,2020-07-07,18610.0,تملت
17440,1399-04-18,17390.0,2020-07-08,18190.0,تملت
17440,1399-04-21,16790.0,2020-07-11,17390.0,تملت
17440,1399-04-22,17340.0,2020-07-12,16790.0,تملت
17440,1399-04-23,16590.0,2020-07-13,17340.0,تملت
17440,1399-04-24,15980.0,2020-07-14,16590.0,تملت
17440,1399-04-25,16640.0,2020-07-15,15980.0,تملت
17440,1399-04-28,17100.0,2020-07-18,16640.0,تملت
17440,1399-04-29,17170.0,2020-07-19,17100.0,تملت
17440,1399-04-30,17440.0,2020-07-20,17170.0,تملت
65310,1399-01-16,24317.0,2020-04-04,,تپمپی
65310,1399-01-17,25490.0,2020-04-05,24317.0,تپمپی
65310,1399-01-18,26454.0,2020-04-06,25490.0,تپمپی
65310,1399-01-23,27776.0,2020-04-11,26454.0,تپمپی
65310,1399-01-24,27451.0,2020-04-12,27776.0,تپمپی
65310,1399-01-25,28656.0,2020-04-13,27451.0,تپمپی
65310,1399-01-26,30083.0,2020-04-14,28656.0,تپمپی
65310,1399-01-27,30461.0,2020-04-15,30083.0,تپمپی
65310,1399-01-30,31084.0,2020-04-18,30461.0,تپمپی
65310,1399-01-31,32600.0,2020-04-19,31084.0,تپمپی
65310,1399-02-01,33600.0,2020-04-20,32600.0,تپمپی
65310,1399-02-02,34416.0,2020-04-21,33600.0,تپمپی
65310,1399-02-03,35065.0,2020-04-22,34416.0,تپمپی
65310,1399-02-06,36072.0,2020-04-25,35065.0,تپمپی
65310,1399-02-07,37848.0,2020-04-26,36072.0,تپمپی
65310,1399-02-08,39343.0,2020-04-27,37848.0,تپمپی
65310,1399-02-09,39234.0,2020-04-28,39343.0,تپمپی
65310,1399-02-10,40302.0,2020-04-29,39234.0,تپمپی
65310,1399-02-13,41666.0,2020-05-02,40302.0,تپمپی
65310,1399-02-15,42676.0,2020-05-04,41666.0,تپمپی
65310,1399-02-16,40985.0,2020-05-05,42676.0,تپمپی
65310,1399-02-17,39042.0,2020-05-06,40985.0,تپمپی
65310,1399-02-20,40796.0,2020-05-09,39042.0,تپمپی
65310,1399-02-21,39514.0,2020-05-10,40796.0,تپمپی
65310,1399-02-22,41303.0,2020-05-11,39514.0,تپمپی
65310,1399-02-23,39928.0,2020-05-12,41303.0,تپمپی
65310,1399-02-24,39114.0,2020-05-13,39928.0,تپمپی
65310,1399-02-27,37761.0,2020-05-16,39114.0,تپمپی
65310,1399-02-28,35895.0,2020-05-17,37761.0,تپمپی
65310,1399-02-29,35466.0,2020-05-18,35895.0,تپمپی
65310,1399-02-30,37170.0,2020-05-19,35466.0,تپمپی
65310,1399-02-31,35926.0,2020-05-20,37170.0,تپمپی
65310,1399-03-03,35488.0,2020-05-23,35926.0,تپمپی
65310,1399-03-06,34489.0,2020-05-26,35488.0,تپمپی
65310,1399-03-07,34360.0,2020-05-27,34489.0,تپمپی
65310,1399-03-10,35535.0,2020-05-30,34360.0,تپمپی
65310,1399-03-11,37072.0,2020-05-31,35535.0,تپمپی
65310,1399-03-12,38578.0,2020-06-01,37072.0,تپمپی
65310,1399-03-13,40432.0,2020-06-02,38578.0,تپمپی
65310,1399-03-25,34840.0,2020-06-14,40432.0,تپمپی
65310,1399-03-26,35690.0,2020-06-15,34840.0,تپمپی
65310,1399-03-27,34930.0,2020-06-16,35690.0,تپمپی
65310,1399-03-31,33780.0,2020-06-20,34930.0,تپمپی
65310,1399-04-01,34680.0,2020-06-21,33780.0,تپمپی
65310,1399-04-02,36140.0,2020-06-22,34680.0,تپمپی
65310,1399-04-03,37940.0,2020-06-23,36140.0,تپمپی
65310,1399-04-04,39810.0,2020-06-24,37940.0,تپمپی
65310,1399-04-07,41750.0,2020-06-27,39810.0,تپمپی
65310,1399-04-08,43830.0,2020-06-28,41750.0,تپمپی
65310,1399-04-09,45950.0,2020-06-29,43830.0,تپمپی
65310,1399-04-10,48240.0,2020-06-30,45950.0,تپمپی
65310,1399-04-11,50650.0,2020-07-01,48240.0,تپمپی
65310,1399-04-14,53180.0,2020-07-04,50650.0,تپمپی
65310,1399-04-15,55830.0,2020-07-05,53180.0,تپمپی
65310,1399-04-16,58090.0,2020-07-06,55830.0,تپمپی
65310,1399-04-17,57670.0,2020-07-07,58090.0,تپمپی
65310,1399-04-18,59770.0,2020-07-08,57670.0,تپمپی
65310,1399-04-21,59790.0,2020-07-11,59770.0,تپمپی
65310,1399-04-22,62580.0,2020-07-12,59790.0,تپمپی
65310,1399-04-23,64000.0,2020-07-13,62580.0,تپمپی
65310,1399-04-24,66900.0,2020-07-14,64000.0,تپمپی
65310,1399-04-25,68300.0,2020-07-15,66900.0,تپمپی
65310,1399-04-28,69290.0,2020-07-18,68300.0,تپمپی
65310,1399-04-29,67980.0,2020-07-19,69290.0,تپمپی
65310,1399-04-30,65310.0,2020-07-20,67980.0,تپمپی
17270,1399-01-16,5862.0,2020-04-04,,تاصیکو
17270,1399-01-17,5970.0,2020-04-05,5862.0,تاصیکو
17270,1399-01-18,6250.0,2020-04-06,5970.0,تاصیکو
17270,1399-01-19,6481.0,2020-04-07,6250.0,تاصیکو
17270,1399-01-20,6691.0,2020-04-08,6481.0,تاصیکو
17270,1399-01-23,7025.0,2020-04-11,6691.0,تاصیکو
17270,1399-01-24,7249.0,2020-04-12,7025.0,تاصیکو
17270,1399-01-25,7184.0,2020-04-13,7249.0,تاصیکو
17270,1399-01-26,7195.0,2020-04-14,7184.0,تاصیکو
17270,1399-01-27,7518.0,2020-04-15,7195.0,تاصیکو
17270,1399-01-30,7893.0,2020-04-18,7518.0,تاصیکو
17270,1399-01-31,8261.0,2020-04-19,7893.0,تاصیکو
17270,1399-02-01,8518.0,2020-04-20,8261.0,تاصیکو
17270,1399-02-02,8928.0,2020-04-21,8518.0,تاصیکو
17270,1399-02-03,9124.0,2020-04-22,8928.0,تاصیکو
17270,1399-02-06,9549.0,2020-04-25,9124.0,تاصیکو
17270,1399-02-07,10007.0,2020-04-26,9549.0,تاصیکو
17270,1399-02-08,10465.0,2020-04-27,10007.0,تاصیکو
17270,1399-02-09,10986.0,2020-04-28,10465.0,تاصیکو
17270,1399-02-10,11535.0,2020-04-29,10986.0,تاصیکو
17270,1399-02-14,12715.0,2020-05-03,11535.0,تاصیکو
17270,1399-02-15,13315.0,2020-05-04,12715.0,تاصیکو
17270,1399-02-16,13382.0,2020-05-05,13315.0,تاصیکو
17270,1399-02-17,13042.0,2020-05-06,13382.0,تاصیکو
17270,1399-02-20,13692.0,2020-05-09,13042.0,تاصیکو
17270,1399-02-21,14372.0,2020-05-10,13692.0,تاصیکو
17270,1399-02-22,13986.0,2020-05-11,14372.0,تاصیکو
17270,1399-02-23,13288.0,2020-05-12,13986.0,تاصیکو
17270,1399-02-24,12911.0,2020-05-13,13288.0,تاصیکو
17270,1399-02-27,12279.0,2020-05-16,12911.0,تاصیکو
17270,1399-02-28,11863.0,2020-05-17,12279.0,تاصیکو
17270,1399-02-29,12427.0,2020-05-18,11863.0,تاصیکو
17270,1399-02-30,13041.0,2020-05-19,12427.0,تاصیکو
17270,1399-02-31,12534.0,2020-05-20,13041.0,تاصیکو
17270,1399-03-03,11919.0,2020-05-23,12534.0,تاصیکو
17270,1399-03-06,11359.0,2020-05-26,11919.0,تاصیکو
17270,1399-03-07,11825.0,2020-05-27,11359.0,تاصیکو
17270,1399-03-10,12416.0,2020-05-30,11825.0,تاصیکو
17270,1399-03-11,12539.0,2020-05-31,12416.0,تاصیکو
17270,1399-03-12,12764.0,2020-06-01,12539.0,تاصیکو
17270,1399-03-13,13351.0,2020-06-02,12764.0,تاصیکو
17270,1399-03-17,14018.0,2020-06-06,13351.0,تاصیکو
17270,1399-03-18,14695.0,2020-06-07,14018.0,تاصیکو
17270,1399-03-19,14368.0,2020-06-08,14695.0,تاصیکو
17270,1399-03-20,14240.0,2020-06-09,14368.0,تاصیکو
17270,1399-03-21,14932.0,2020-06-10,14240.0,تاصیکو
17270,1399-03-24,15590.0,2020-06-13,14932.0,تاصیکو
17270,1399-03-25,15120.0,2020-06-14,15590.0,تاصیکو
17270,1399-03-26,14740.0,2020-06-15,15120.0,تاصیکو
17270,1399-03-27,14930.0,2020-06-16,14740.0,تاصیکو
17270,1399-03-31,15630.0,2020-06-20,14930.0,تاصیکو
17270,1399-04-01,16360.0,2020-06-21,15630.0,تاصیکو
17270,1399-04-02,17140.0,2020-06-22,16360.0,تاصیکو
17270,1399-04-03,17980.0,2020-06-23,17140.0,تاصیکو
17270,1399-04-04,18180.0,2020-06-24,17980.0,تاصیکو
17270,1399-04-07,18990.0,2020-06-27,18180.0,تاصیکو
17270,1399-04-08,19580.0,2020-06-28,18990.0,تاصیکو
17270,1399-04-09,19020.0,2020-06-29,19580.0,تاصیکو
17270,1399-04-10,19940.0,2020-06-30,19020.0,تاصیکو
17270,1399-04-11,20930.0,2020-07-01,19940.0,تاصیکو
17270,1399-04-14,20400.0,2020-07-04,20930.0,تاصیکو
17270,1399-04-15,20850.0,2020-07-05,20400.0,تاصیکو
17270,1399-04-16,21890.0,2020-07-06,20850.0,تاصیکو
17270,1399-04-17,22300.0,2020-07-07,21890.0,تاصیکو
17270,1399-04-21,22450.0,2020-07-11,22300.0,تاصیکو
17270,1399-04-22,23570.0,2020-07-12,22450.0,تاصیکو
17270,1399-04-23,24690.0,2020-07-13,23570.0,تاصیکو
17270,1399-04-24,25740.0,2020-07-14,24690.0,تاصیکو
17270,1399-04-30,17270.0,2020-07-20,25740.0,تاصیکو
167410,1399-01-16,142401.0,2020-04-04,,کفپارس
167410,1399-01-23,155905.0,2020-04-11,142401.0,کفپارس
167410,1399-01-24,159583.0,2020-04-12,155905.0,کفپارس
167410,1399-01-25,152314.0,2020-04-13,159583.0,کفپارس
167410,1399-01-26,146166.0,2020-04-14,152314.0,کفپارس
167410,1399-01-27,147758.0,2020-04-15,146166.0,کفپارس
167410,1399-01-30,153849.0,2020-04-18,147758.0,کفپارس
167410,1399-01-31,153106.0,2020-04-19,153849.0,کفپارس
167410,1399-02-01,146294.0,2020-04-20,153106.0,کفپارس
167410,1399-02-02,141394.0,2020-04-21,146294.0,کفپارس
167410,1399-02-03,139073.0,2020-04-22,141394.0,کفپارس
167410,1399-02-06,145542.0,2020-04-25,139073.0,کفپارس
167410,1399-02-07,152286.0,2020-04-26,145542.0,کفپارس
167410,1399-02-08,159900.0,2020-04-27,152286.0,کفپارس
167410,1399-02-09,167895.0,2020-04-28,159900.0,کفپارس
167410,1399-02-10,176289.0,2020-04-29,167895.0,کفپارس
167410,1399-02-13,185103.0,2020-05-02,176289.0,کفپارس
167410,1399-02-20,181989.0,2020-05-09,185103.0,کفپارس
167410,1399-02-21,174449.0,2020-05-10,181989.0,کفپارس
167410,1399-02-22,165727.0,2020-05-11,174449.0,کفپارس
167410,1399-02-23,172102.0,2020-05-12,165727.0,کفپارس
167410,1399-02-24,180707.0,2020-05-13,172102.0,کفپارس
167410,1399-02-27,189742.0,2020-05-16,180707.0,کفپارس
167410,1399-02-28,199229.0,2020-05-17,189742.0,کفپارس
167410,1399-02-29,206408.0,2020-05-18,199229.0,کفپارس
167410,1399-02-30,214384.0,2020-05-19,206408.0,کفپارس
167410,1399-02-31,225103.0,2020-05-20,214384.0,کفپارس
167410,1399-03-03,236358.0,2020-05-23,225103.0,کفپارس
167410,1399-03-06,237614.0,2020-05-26,236358.0,کفپارس
167410,1399-03-07,248373.0,2020-05-27,237614.0,کفپارس
167410,1399-03-13,245849.0,2020-06-02,248373.0,کفپارس
167410,1399-03-17,243389.0,2020-06-06,245849.0,کفپارس
167410,1399-03-18,240534.0,2020-06-07,243389.0,کفپارس
167410,1399-03-19,238631.0,2020-06-08,240534.0,کفپارس
167410,1399-03-20,235285.0,2020-06-09,238631.0,کفپارس
167410,1399-03-21,233113.0,2020-06-10,235285.0,کفپارس
167410,1399-03-24,224500.0,2020-06-13,233113.0,کفپارس
167410,1399-03-25,220980.0,2020-06-14,224500.0,کفپارس
167410,1399-03-26,217140.0,2020-06-15,220980.0,کفپارس
167410,1399-03-27,209710.0,2020-06-16,217140.0,کفپارس
167410,1399-03-31,199230.0,2020-06-20,209710.0,کفپارس
167410,1399-04-01,192510.0,2020-06-21,199230.0,کفپارس
167410,1399-04-02,183170.0,2020-06-22,192510.0,کفپارس
167410,1399-04-03,182020.0,2020-06-23,183170.0,کفپارس
167410,1399-04-04,188400.0,2020-06-24,182020.0,کفپارس
167410,1399-04-07,183710.0,2020-06-27,188400.0,کفپارس
167410,1399-04-08,176350.0,2020-06-28,183710.0,کفپارس
167410,1399-04-09,167540.0,2020-06-29,176350.0,کفپارس
167410,1399-04-10,163890.0,2020-06-30,167540.0,کفپارس
167410,1399-04-11,164850.0,2020-07-01,163890.0,کفپارس
167410,1399-04-14,167410.0,2020-07-04,164850.0,کفپارس
47200,1399-01-16,35999.0,2020-04-04,,مادیرا
47200,1399-01-17,35507.0,2020-04-05,35999.0,مادیرا
47200,1399-01-18,33830.0,2020-04-06,35507.0,مادیرا
47200,1399-01-19,32919.0,2020-04-07,33830.0,مادیرا
47200,1399-01-20,34194.0,2020-04-08,32919.0,مادیرا
47200,1399-01-23,34334.0,2020-04-11,34194.0,مادیرا
47200,1399-01-24,32958.0,2020-04-12,34334.0,مادیرا
47200,1399-01-25,32401.0,2020-04-13,32958.0,مادیرا
47200,1399-01-26,31155.0,2020-04-14,32401.0,مادیرا
47200,1399-01-27,32607.0,2020-04-15,31155.0,مادیرا
47200,1399-01-30,34237.0,2020-04-18,32607.0,مادیرا
47200,1399-01-31,34090.0,2020-04-19,34237.0,مادیرا
47200,1399-02-01,33899.0,2020-04-20,34090.0,مادیرا
47200,1399-02-02,33603.0,2020-04-21,33899.0,مادیرا
47200,1399-02-03,34996.0,2020-04-22,33603.0,مادیرا
47200,1399-02-06,36745.0,2020-04-25,34996.0,مادیرا
47200,1399-02-07,38467.0,2020-04-26,36745.0,مادیرا
47200,1399-02-08,40371.0,2020-04-27,38467.0,مادیرا
47200,1399-02-09,40367.0,2020-04-28,40371.0,مادیرا
47200,1399-02-10,41665.0,2020-04-29,40367.0,مادیرا
47200,1399-02-13,43717.0,2020-05-02,41665.0,مادیرا
47200,1399-02-14,45457.0,2020-05-03,43717.0,مادیرا
47200,1399-02-15,43725.0,2020-05-04,45457.0,مادیرا
47200,1399-02-16,42140.0,2020-05-05,43725.0,مادیرا
47200,1399-02-17,40181.0,2020-05-06,42140.0,مادیرا
47200,1399-02-20,41939.0,2020-05-09,40181.0,مادیرا
47200,1399-02-21,40534.0,2020-05-10,41939.0,مادیرا
47200,1399-02-22,38647.0,2020-05-11,40534.0,مادیرا
47200,1399-02-23,37429.0,2020-05-12,38647.0,مادیرا
47200,1399-02-24,36329.0,2020-05-13,37429.0,مادیرا
47200,1399-02-27,37443.0,2020-05-16,36329.0,مادیرا
47200,1399-02-28,39240.0,2020-05-17,37443.0,مادیرا
47200,1399-02-29,41202.0,2020-05-18,39240.0,مادیرا
47200,1399-02-30,40842.0,2020-05-19,41202.0,مادیرا
47200,1399-02-31,38924.0,2020-05-20,40842.0,مادیرا
47200,1399-03-03,37453.0,2020-05-23,38924.0,مادیرا
47200,1399-03-06,36459.0,2020-05-26,37453.0,مادیرا
47200,1399-03-07,34874.0,2020-05-27,36459.0,مادیرا
47200,1399-03-10,35772.0,2020-05-30,34874.0,مادیرا
47200,1399-03-11,34204.0,2020-05-31,35772.0,مادیرا
47200,1399-03-12,33378.0,2020-06-01,34204.0,مادیرا
47200,1399-03-13,33867.0,2020-06-02,33378.0,مادیرا
47200,1399-03-17,35324.0,2020-06-06,33867.0,مادیرا
47200,1399-03-18,37090.0,2020-06-07,35324.0,مادیرا
47200,1399-03-19,38427.0,2020-06-08,37090.0,مادیرا
47200,1399-03-20,39467.0,2020-06-09,38427.0,مادیرا
47200,1399-03-21,41440.0,2020-06-10,39467.0,مادیرا
47200,1399-03-24,43512.0,2020-06-13,41440.0,مادیرا
47200,1399-03-25,45586.0,2020-06-14,43512.0,مادیرا
47200,1399-03-26,44344.0,2020-06-15,45586.0,مادیرا
47200,1399-03-27,45602.0,2020-06-16,44344.0,مادیرا
47200,1399-03-31,47084.0,2020-06-20,45602.0,مادیرا
47200,1399-04-01,49379.0,2020-06-21,47084.0,مادیرا
47200,1399-04-02,48624.0,2020-06-22,49379.0,مادیرا
47200,1399-04-03,48353.0,2020-06-23,48624.0,مادیرا
47200,1399-04-04,48131.0,2020-06-24,48353.0,مادیرا
47200,1399-04-09,46044.0,2020-06-29,48131.0,مادیرا
47200,1399-04-10,48137.0,2020-06-30,46044.0,مادیرا
47200,1399-04-11,47591.0,2020-07-01,48137.0,مادیرا
47200,1399-04-14,45679.0,2020-07-04,47591.0,مادیرا
47200,1399-04-15,44514.0,2020-07-05,45679.0,مادیرا
47200,1399-04-16,46469.0,2020-07-06,44514.0,مادیرا
47200,1399-04-17,45113.0,2020-07-07,46469.0,مادیرا
47200,1399-04-18,43197.0,2020-07-08,45113.0,مادیرا
47200,1399-04-21,41270.0,2020-07-11,43197.0,مادیرا
47200,1399-04-22,43085.0,2020-07-12,41270.0,مادیرا
47200,1399-04-23,41349.0,2020-07-13,43085.0,مادیرا
47200,1399-04-24,41661.0,2020-07-14,41349.0,مادیرا
47200,1399-04-25,42418.0,2020-07-15,41661.0,مادیرا
47200,1399-04-28,44538.0,2020-07-18,42418.0,مادیرا
47200,1399-04-29,46607.0,2020-07-19,44538.0,مادیرا
47200,1399-04-30,47200.0,2020-07-20,46607.0,مادیرا
127577,1399-01-16,61849.0,2020-04-04,,نطرین
127577,1399-01-17,62870.0,2020-04-05,61849.0,نطرین
127577,1399-01-18,65719.0,2020-04-06,62870.0,نطرین
127577,1399-01-19,66989.0,2020-04-07,65719.0,نطرین
127577,1399-01-20,65652.0,2020-04-08,66989.0,نطرین
127577,1399-01-23,66201.0,2020-04-11,65652.0,نطرین
127577,1399-01-24,69314.0,2020-04-12,66201.0,نطرین
127577,1399-01-25,70767.0,2020-04-13,69314.0,نطرین
127577,1399-01-26,69465.0,2020-04-14,70767.0,نطرین
127577,1399-01-27,69978.0,2020-04-15,69465.0,نطرین
127577,1399-01-30,71035.0,2020-04-18,69978.0,نطرین
127577,1399-01-31,70154.0,2020-04-19,71035.0,نطرین
127577,1399-02-01,72198.0,2020-04-20,70154.0,نطرین
127577,1399-02-02,74009.0,2020-04-21,72198.0,نطرین
127577,1399-02-03,75536.0,2020-04-22,74009.0,نطرین
127577,1399-02-06,77380.0,2020-04-25,75536.0,نطرین
127577,1399-02-07,80905.0,2020-04-26,77380.0,نطرین
127577,1399-02-08,84851.0,2020-04-27,80905.0,نطرین
127577,1399-02-09,87856.0,2020-04-28,84851.0,نطرین
127577,1399-02-10,89490.0,2020-04-29,87856.0,نطرین
127577,1399-02-13,92591.0,2020-05-02,89490.0,نطرین
127577,1399-02-14,97220.0,2020-05-03,92591.0,نطرین
127577,1399-02-15,98838.0,2020-05-04,97220.0,نطرین
127577,1399-02-16,99069.0,2020-05-05,98838.0,نطرین
127577,1399-02-17,101325.0,2020-05-06,99069.0,نطرین
127577,1399-02-20,105990.0,2020-05-09,101325.0,نطرین
127577,1399-02-23,96143.0,2020-05-12,105990.0,نطرین
127577,1399-02-24,94460.0,2020-05-13,96143.0,نطرین
127577,1399-02-27,90505.0,2020-05-16,94460.0,نطرین
127577,1399-02-28,87110.0,2020-05-17,90505.0,نطرین
127577,1399-02-29,91388.0,2020-05-18,87110.0,نطرین
127577,1399-02-30,95539.0,2020-05-19,91388.0,نطرین
127577,1399-02-31,99902.0,2020-05-20,95539.0,نطرین
127577,1399-03-03,104556.0,2020-05-23,99902.0,نطرین
127577,1399-03-06,103703.0,2020-05-26,104556.0,نطرین
127577,1399-03-11,108125.0,2020-05-31,103703.0,نطرین
127577,1399-03-12,106055.0,2020-06-01,108125.0,نطرین
127577,1399-03-13,101414.0,2020-06-02,106055.0,نطرین
127577,1399-03-17,101233.0,2020-06-06,101414.0,نطرین
127577,1399-03-18,103104.0,2020-06-07,101233.0,نطرین
127577,1399-03-19,99658.0,2020-06-08,103104.0,نطرین
127577,1399-03-20,97641.0,2020-06-09,99658.0,نطرین
127577,1399-03-21,97807.0,2020-06-10,97641.0,نطرین
127577,1399-03-24,101955.0,2020-06-13,97807.0,نطرین
127577,1399-03-25,104367.0,2020-06-14,101955.0,نطرین
127577,1399-03-26,107891.0,2020-06-15,104367.0,نطرین
127577,1399-03-27,105142.0,2020-06-16,107891.0,نطرین
127577,1399-03-31,100986.0,2020-06-20,105142.0,نطرین
127577,1399-04-01,102198.0,2020-06-21,100986.0,نطرین
127577,1399-04-02,106937.0,2020-06-22,102198.0,نطرین
127577,1399-04-03,112055.0,2020-06-23,106937.0,نطرین
127577,1399-04-04,111985.0,2020-06-24,112055.0,نطرین
127577,1399-04-07,112188.0,2020-06-27,111985.0,نطرین
127577,1399-04-08,117797.0,2020-06-28,112188.0,نطرین
127577,1399-04-09,121463.0,2020-06-29,117797.0,نطرین
127577,1399-04-10,125511.0,2020-06-30,121463.0,نطرین
127577,1399-04-11,131786.0,2020-07-01,125511.0,نطرین
127577,1399-04-14,135170.0,2020-07-04,131786.0,نطرین
127577,1399-04-15,129863.0,2020-07-05,135170.0,نطرین
127577,1399-04-16,125818.0,2020-07-06,129863.0,نطرین
127577,1399-04-17,127577.0,2020-07-07,125818.0,نطرین
20750,1399-01-16,28475.0,2020-04-04,,ولیز
20750,1399-01-17,28326.0,2020-04-05,28475.0,ولیز
20750,1399-01-18,27588.0,2020-04-06,28326.0,ولیز
20750,1399-01-19,28571.0,2020-04-07,27588.0,ولیز
20750,1399-01-20,29991.0,2020-04-08,28571.0,ولیز
20750,1399-01-23,29056.0,2020-04-11,29991.0,ولیز
20750,1399-01-24,28170.0,2020-04-12,29056.0,ولیز
20750,1399-01-25,28179.0,2020-04-13,28170.0,ولیز
20750,1399-01-26,26842.0,2020-04-14,28179.0,ولیز
20750,1399-01-27,28147.0,2020-04-15,26842.0,ولیز
20750,1399-01-30,29554.0,2020-04-18,28147.0,ولیز
20750,1399-01-31,30622.0,2020-04-19,29554.0,ولیز
20750,1399-02-01,29465.0,2020-04-20,30622.0,ولیز
20750,1399-02-02,27992.0,2020-04-21,29465.0,ولیز
20750,1399-02-03,27096.0,2020-04-22,27992.0,ولیز
20750,1399-02-06,27563.0,2020-04-25,27096.0,ولیز
20750,1399-02-07,26377.0,2020-04-26,27563.0,ولیز
20750,1399-02-08,25420.0,2020-04-27,26377.0,ولیز
20750,1399-02-09,25001.0,2020-04-28,25420.0,ولیز
20750,1399-02-10,26204.0,2020-04-29,25001.0,ولیز
20750,1399-02-13,27514.0,2020-05-02,26204.0,ولیز
20750,1399-02-14,28591.0,2020-05-03,27514.0,ولیز
20750,1399-02-15,27246.0,2020-05-04,28591.0,ولیز
20750,1399-02-16,26215.0,2020-05-05,27246.0,ولیز
20750,1399-02-17,24905.0,2020-05-06,26215.0,ولیز
20750,1399-02-20,24460.0,2020-05-09,24905.0,ولیز
20750,1399-02-21,23768.0,2020-05-10,24460.0,ولیز
20750,1399-02-22,23057.0,2020-05-11,23768.0,ولیز
20750,1399-02-31,21231.0,2020-05-20,23057.0,ولیز
20750,1399-03-03,20702.0,2020-05-23,21231.0,ولیز
20750,1399-03-06,20377.0,2020-05-26,20702.0,ولیز
20750,1399-03-07,19761.0,2020-05-27,20377.0,ولیز
20750,1399-03-10,19435.0,2020-05-30,19761.0,ولیز
20750,1399-03-11,20340.0,2020-05-31,19435.0,ولیز
20750,1399-03-12,21053.0,2020-06-01,20340.0,ولیز
20750,1399-03-13,22025.0,2020-06-02,21053.0,ولیز
20750,1399-03-17,21316.0,2020-06-06,22025.0,ولیز
20750,1399-03-18,20996.0,2020-06-07,21316.0,ولیز
20750,1399-03-19,20300.0,2020-06-08,20996.0,ولیز
20750,1399-03-20,20256.0,2020-06-09,20300.0,ولیز
20750,1399-03-21,20296.0,2020-06-10,20256.0,ولیز
20750,1399-03-24,20020.0,2020-06-13,20296.0,ولیز
20750,1399-03-25,19350.0,2020-06-14,20020.0,ولیز
20750,1399-03-26,20310.0,2020-06-15,19350.0,ولیز
20750,1399-03-27,21320.0,2020-06-16,20310.0,ولیز
20750,1399-03-31,22380.0,2020-06-20,21320.0,ولیز
20750,1399-04-01,22470.0,2020-06-21,22380.0,ولیز
20750,1399-04-02,21500.0,2020-06-22,22470.0,ولیز
20750,1399-04-03,21240.0,2020-06-23,21500.0,ولیز
20750,1399-04-04,20290.0,2020-06-24,21240.0,ولیز
20750,1399-04-07,20440.0,2020-06-27,20290.0,ولیز
20750,1399-04-08,19510.0,2020-06-28,20440.0,ولیز
20750,1399-04-09,18590.0,2020-06-29,19510.0,ولیز
20750,1399-04-10,19320.0,2020-06-30,18590.0,ولیز
20750,1399-04-11,19440.0,2020-07-01,19320.0,ولیز
20750,1399-04-14,18550.0,2020-07-04,19440.0,ولیز
20750,1399-04-15,18230.0,2020-07-05,18550.0,ولیز
20750,1399-04-16,19070.0,2020-07-06,18230.0,ولیز
20750,1399-04-17,18600.0,2020-07-07,19070.0,ولیز
20750,1399-04-18,18250.0,2020-07-08,18600.0,ولیز
20750,1399-04-21,17420.0,2020-07-11,18250.0,ولیز
20750,1399-04-22,18190.0,2020-07-12,17420.0,ولیز
20750,1399-04-23,17480.0,2020-07-13,18190.0,ولیز
20750,1399-04-24,18230.0,2020-07-14,17480.0,ولیز
20750,1399-04-25,19140.0,2020-07-15,18230.0,ولیز
20750,1399-04-28,20090.0,2020-07-18,19140.0,ولیز
20750,1399-04-29,21040.0,2020-07-19,20090.0,ولیز
20750,1399-04-30,20750.0,2020-07-20,21040.0,ولیز
19360,1399-01-16,9809.0,2020-04-04,,ونفت
19360,1399-01-17,10115.0,2020-04-05,9809.0,ونفت
19360,1399-01-18,10184.0,2020-04-06,10115.0,ونفت
19360,1399-01-19,10605.0,2020-04-07,10184.0,ونفت
19360,1399-01-20,11135.0,2020-04-08,10605.0,ونفت
19360,1399-01-23,11691.0,2020-04-11,11135.0,ونفت
19360,1399-01-24,12275.0,2020-04-12,11691.0,ونفت
19360,1399-01-25,12888.0,2020-04-13,12275.0,ونفت
19360,1399-01-26,13532.0,2020-04-14,12888.0,ونفت
19360,1399-01-27,13794.0,2020-04-15,13532.0,ونفت
19360,1399-01-30,14483.0,2020-04-18,13794.0,ونفت
19360,1399-01-31,14716.0,2020-04-19,14483.0,ونفت
19360,1399-02-01,15171.0,2020-04-20,14716.0,ونفت
19360,1399-02-02,15232.0,2020-04-21,15171.0,ونفت
19360,1399-02-03,15208.0,2020-04-22,15232.0,ونفت
19360,1399-02-06,15938.0,2020-04-25,15208.0,ونفت
19360,1399-02-07,15464.0,2020-04-26,15938.0,ونفت
19360,1399-02-08,14848.0,2020-04-27,15464.0,ونفت
19360,1399-02-09,15518.0,2020-04-28,14848.0,ونفت
19360,1399-02-10,16293.0,2020-04-29,15518.0,ونفت
19360,1399-02-13,17107.0,2020-05-02,16293.0,ونفت
19360,1399-02-14,17733.0,2020-05-03,17107.0,ونفت
19360,1399-02-15,17220.0,2020-05-04,17733.0,ونفت
19360,1399-02-16,16639.0,2020-05-05,17220.0,ونفت
19360,1399-02-17,15867.0,2020-05-06,16639.0,ونفت
19360,1399-02-20,16617.0,2020-05-09,15867.0,ونفت
19360,1399-02-21,16591.0,2020-05-10,16617.0,ونفت
19360,1399-02-22,15804.0,2020-05-11,16591.0,ونفت
19360,1399-02-23,15133.0,2020-05-12,15804.0,ونفت
19360,1399-02-24,14662.0,2020-05-13,15133.0,ونفت
19360,1399-02-27,14069.0,2020-05-16,14662.0,ونفت
19360,1399-02-28,13917.0,2020-05-17,14069.0,ونفت
19360,1399-02-29,14598.0,2020-05-18,13917.0,ونفت
19360,1399-02-30,14831.0,2020-05-19,14598.0,ونفت
19360,1399-02-31,14109.0,2020-05-20,14831.0,ونفت
19360,1399-03-03,13514.0,2020-05-23,14109.0,ونفت
19360,1399-03-06,12878.0,2020-05-26,13514.0,ونفت
19360,1399-03-07,13158.0,2020-05-27,12878.0,ونفت
19360,1399-03-10,13815.0,2020-05-30,13158.0,ونفت
19360,1399-03-11,14293.0,2020-05-31,13815.0,ونفت
19360,1399-03-12,14967.0,2020-06-01,14293.0,ونفت
19360,1399-03-13,15698.0,2020-06-02,14967.0,ونفت
19360,1399-03-17,16016.0,2020-06-06,15698.0,ونفت
19360,1399-03-18,16503.0,2020-06-07,16016.0,ونفت
19360,1399-03-19,17228.0,2020-06-08,16503.0,ونفت
19360,1399-03-20,18019.0,2020-06-09,17228.0,ونفت
19360,1399-03-21,18874.0,2020-06-10,18019.0,ونفت
19360,1399-03-24,18340.0,2020-06-13,18874.0,ونفت
19360,1399-03-25,17490.0,2020-06-14,18340.0,ونفت
19360,1399-03-26,16870.0,2020-06-15,17490.0,ونفت
19360,1399-03-27,17540.0,2020-06-16,16870.0,ونفت
19360,1399-03-31,18330.0,2020-06-20,17540.0,ونفت
19360,1399-04-01,17830.0,2020-06-21,18330.0,ونفت
19360,1399-04-02,17800.0,2020-06-22,17830.0,ونفت
19360,1399-04-03,18610.0,2020-06-23,17800.0,ونفت
19360,1399-04-04,19120.0,2020-06-24,18610.0,ونفت
19360,1399-04-07,20070.0,2020-06-27,19120.0,ونفت
19360,1399-04-08,19930.0,2020-06-28,20070.0,ونفت
19360,1399-04-09,19190.0,2020-06-29,19930.0,ونفت
19360,1399-04-14,18460.0,2020-07-04,19190.0,ونفت
19360,1399-04-15,18550.0,2020-07-05,18460.0,ونفت
19360,1399-04-16,19390.0,2020-07-06,18550.0,ونفت
19360,1399-04-17,18730.0,2020-07-07,19390.0,ونفت
19360,1399-04-18,18120.0,2020-07-08,18730.0,ونفت
19360,1399-04-21,17490.0,2020-07-11,18120.0,ونفت
19360,1399-04-22,18270.0,2020-07-12,17490.0,ونفت
19360,1399-04-23,18160.0,2020-07-13,18270.0,ونفت
19360,1399-04-28,18030.0,2020-07-18,18160.0,ونفت
19360,1399-04-29,18440.0,2020-07-19,18030.0,ونفت
19360,1399-04-30,19360.0,2020-07-20,18440.0,ونفت
