symbol,adjClose,prev_price,date,persian_date,last_price
صبا,12000.0,,2020-04-08,1399-01-20,35777
صبا,12161.0,12000.0,2020-04-11,1399-01-23,35777
صبا,12769.0,12161.0,2020-04-12,1399-01-24,35777
صبا,13407.0,12769.0,2020-04-13,1399-01-25,35777
صبا,14077.0,13407.0,2020-04-14,1399-01-26,35777
صبا,14780.0,14077.0,2020-04-15,1399-01-27,35777
صبا,15260.0,14780.0,2020-04-18,1399-01-30,35777
صبا,16023.0,15260.0,2020-04-19,1399-01-31,35777
صبا,16547.0,16023.0,2020-04-20,1399-02-01,35777
صبا,17256.0,16547.0,2020-04-21,1399-02-02,35777
صبا,18118.0,17256.0,2020-04-22,1399-02-03,35777
صبا,19920.0,18118.0,2020-04-26,1399-02-07,35777
صبا,20916.0,19920.0,2020-04-27,1399-02-08,35777
صبا,21953.0,20916.0,2020-04-28,1399-02-09,35777
صبا,23050.0,21953.0,2020-04-29,1399-02-10,35777
صبا,24202.0,23050.0,2020-05-02,1399-02-13,35777
صبا,25412.0,24202.0,2020-05-03,1399-02-14,35777
صبا,26682.0,25412.0,2020-05-04,1399-02-15,35777
صبا,26231.0,26682.0,2020-05-05,1399-02-16,35777
صبا,26391.0,26231.0,2020-05-06,1399-02-17,35777
صبا,28379.0,26391.0,2020-05-09,1399-02-20,35777
صبا,27985.0,28379.0,2020-05-10,1399-02-21,35777
صبا,26586.0,27985.0,2020-05-11,1399-02-22,35777
صبا,25257.0,26586.0,2020-05-12,1399-02-23,35777
صبا,23995.0,25257.0,2020-05-13,1399-02-24,35777
صبا,23413.0,23995.0,2020-05-16,1399-02-27,35777
صبا,22243.0,23413.0,2020-05-17,1399-02-28,35777
صبا,23068.0,22243.0,2020-05-18,1399-02-29,35777
صبا,22153.0,23068.0,2020-05-19,1399-02-30,35777
صبا,21146.0,22153.0,2020-05-20,1399-02-31,35777
صبا,21636.0,21146.0,2020-05-23,1399-03-03,35777
صبا,21400.0,21636.0,2020-05-26,1399-03-06,35777
صبا,21499.0,21400.0,2020-05-27,1399-03-07,35777
صبا,22515.0,21499.0,2020-05-30,1399-03-10,35777
صبا,22465.0,22515.0,2020-05-31,1399-03-11,35777
صبا,22096.0,22465.0,2020-06-01,1399-03-12,35777
صبا,22972.0,22096.0,2020-06-02,1399-03-13,35777
صبا,23967.0,22972.0,2020-06-06,1399-03-17,35777
صبا,25110.0,23967.0,2020-06-07,1399-03-18,35777
صبا,24226.0,25110.0,2020-06-08,1399-03-19,35777
صبا,23320.0,24226.0,2020-06-09,1399-03-20,35777
صبا,23455.0,23320.0,2020-06-10,1399-03-21,35777
صبا,24492.0,23455.0,2020-06-13,1399-03-24,35777
صبا,24038.0,24492.0,2020-06-14,1399-03-25,35777
صبا,24120.0,24038.0,2020-06-15,1399-03-26,35777
صبا,24321.0,24120.0,2020-06-16,1399-03-27,35777
صبا,25322.0,24321.0,2020-06-20,1399-03-31,35777
صبا,26350.0,25322.0,2020-06-21,1399-04-01,35777
صبا,27390.0,26350.0,2020-06-22,1399-04-02,35777
صبا,28454.0,27390.0,2020-06-23,1399-04-03,35777
صبا,28142.0,28454.0,2020-06-24,1399-04-04,35777
صبا,29459.0,28142.0,2020-06-27,1399-04-07,35777
صبا,29258.0,29459.0,2020-06-28,1399-04-08,35777
صبا,28043.0,29258.0,2020-06-29,1399-04-09,35777
صبا,29388.0,28043.0,2020-06-30,1399-04-10,35777
صبا,30818.0,29388.0,2020-07-01,1399-04-11,35777
صبا,30470.0,30818.0,2020-07-04,1399-04-14,35777
صبا,31265.0,30470.0,2020-07-05,1399-04-15,35777
صبا,32828.0,31265.0,2020-07-06,1399-04-16,35777
صبا,34469.0,32828.0,2020-07-07,1399-04-17,35777
صبا,35915.0,34469.0,2020-07-08,1399-04-18,35777
صبا,37057.0,35915.0,2020-07-11,1399-04-21,35777
صبا,38846.0,37057.0,2020-07-12,1399-04-22,35777
صبا,38641.0,38846.0,2020-07-13,1399-04-23,35777
صبا,37660.0,38641.0,2020-07-14,1399-04-24,35777
صبا,35777.0,37660.0,2020-07-15,1399-04-25,35777
شگویا,6389.0,,2020-04-04,1399-01-16,21387
شگویا,6572.0,6389.0,2020-04-05,1399-01-17,21387
شگویا,7219.0,6572.0,2020-04-06,1399-01-18,21387
شگویا,7579.0,7219.0,2020-04-07,1399-01-19,21387
شگویا,7957.0,7579.0,2020-04-08,1399-01-20,21387
شگویا,8354.0,7957.0,2020-04-11,1399-01-23,21387
شگویا,8674.0,8354.0,2020-04-12,1399-01-24,21387
شگویا,8868.0,8674.0,2020-04-13,1399-01-25,21387
شگویا,8425.0,8868.0,2020-04-14,1399-01-26,21387
شگویا,8396.0,8425.0,2020-04-15,1399-01-27,21387
شگویا,8815.0,8396.0,2020-04-18,1399-01-30,21387
شگویا,8973.0,8815.0,2020-04-19,1399-01-31,21387
شگویا,9414.0,8973.0,2020-04-20,1399-02-01,21387
شگویا,9884.0,9414.0,2020-04-21,1399-02-02,21387
شگویا,10378.0,9884.0,2020-04-22,1399-02-03,21387
شگویا,10896.0,10378.0,2020-04-25,1399-02-06,21387
شگویا,11986.0,10896.0,2020-04-26,1399-02-07,21387
شگویا,12575.0,11986.0,2020-04-27,1399-02-08,21387
شگویا,12300.0,12575.0,2020-04-28,1399-02-09,21387
شگویا,12914.0,12300.0,2020-04-29,1399-02-10,21387
شگویا,13557.0,12914.0,2020-05-02,1399-02-13,21387
شگویا,14234.0,13557.0,2020-05-03,1399-02-14,21387
شگویا,14854.0,14234.0,2020-05-04,1399-02-15,21387
شگویا,14113.0,14854.0,2020-05-05,1399-02-16,21387
شگویا,13512.0,14113.0,2020-05-06,1399-02-17,21387
شگویا,14106.0,13512.0,2020-05-09,1399-02-20,21387
شگویا,13744.0,14106.0,2020-05-10,1399-02-21,21387
شگویا,13057.0,13744.0,2020-05-11,1399-02-22,21387
شگویا,12511.0,13057.0,2020-05-12,1399-02-23,21387
شگویا,11886.0,12511.0,2020-05-13,1399-02-24,21387
شگویا,11626.0,11886.0,2020-05-16,1399-02-27,21387
شگویا,11045.0,11626.0,2020-05-17,1399-02-28,21387
شگویا,11511.0,11045.0,2020-05-18,1399-02-29,21387
شگویا,11782.0,11511.0,2020-05-19,1399-02-30,21387
شگویا,11232.0,11782.0,2020-05-20,1399-02-31,21387
شگویا,10852.0,11232.0,2020-05-23,1399-03-03,21387
شگویا,10457.0,10852.0,2020-05-26,1399-03-06,21387
شگویا,10419.0,10457.0,2020-05-27,1399-03-07,21387
شگویا,10908.0,10419.0,2020-05-30,1399-03-10,21387
شگویا,10877.0,10908.0,2020-05-31,1399-03-11,21387
شگویا,10792.0,10877.0,2020-06-01,1399-03-12,21387
شگویا,11188.0,10792.0,2020-06-02,1399-03-13,21387
شگویا,11714.0,11188.0,2020-06-06,1399-03-17,21387
شگویا,12126.0,11714.0,2020-06-10,1399-03-21,21387
شگویا,12140.0,12126.0,2020-06-13,1399-03-24,21387
شگویا,11598.0,12140.0,2020-06-14,1399-03-25,21387
شگویا,12391.0,11598.0,2020-06-20,1399-03-31,21387
شگویا,13010.0,12391.0,2020-06-21,1399-04-01,21387
شگویا,13583.0,13010.0,2020-06-22,1399-04-02,21387
شگویا,14147.0,13583.0,2020-06-23,1399-04-03,21387
شگویا,14563.0,14147.0,2020-06-24,1399-04-04,21387
شگویا,15264.0,14563.0,2020-06-27,1399-04-07,21387
شگویا,15578.0,15264.0,2020-06-28,1399-04-08,21387
شگویا,15742.0,15578.0,2020-06-29,1399-04-09,21387
شگویا,16529.0,15742.0,2020-06-30,1399-04-10,21387
شگویا,17352.0,16529.0,2020-07-01,1399-04-11,21387
شگویا,17244.0,17352.0,2020-07-04,1399-04-14,21387
شگویا,17608.0,17244.0,2020-07-05,1399-04-15,21387
شگویا,17937.0,17608.0,2020-07-08,1399-04-18,21387
شگویا,18489.0,17937.0,2020-07-11,1399-04-21,21387
شگویا,19413.0,18489.0,2020-07-12,1399-04-22,21387
شگویا,20369.0,19413.0,2020-07-13,1399-04-23,21387
شگویا,21387.0,20369.0,2020-07-14,1399-04-24,21387
شکلر,39656.0,,2020-04-04,1399-01-16,52040
شکلر,37940.0,39656.0,2020-04-05,1399-01-17,52040
شکلر,38152.0,37940.0,2020-04-06,1399-01-18,52040
شکلر,39899.0,38152.0,2020-04-07,1399-01-19,52040
شکلر,38406.0,39899.0,2020-04-12,1399-01-24,52040
شکلر,36761.0,38406.0,2020-04-13,1399-01-25,52040
شکلر,35087.0,36761.0,2020-04-14,1399-01-26,52040
شکلر,36616.0,35087.0,2020-04-15,1399-01-27,52040
شکلر,37836.0,36616.0,2020-04-18,1399-01-30,52040
شکلر,36223.0,37836.0,2020-04-19,1399-01-31,52040
شکلر,37392.0,36223.0,2020-04-20,1399-02-01,52040
شکلر,41062.0,37392.0,2020-04-25,1399-02-06,52040
شکلر,40672.0,41062.0,2020-04-26,1399-02-07,52040
شکلر,41343.0,40672.0,2020-04-27,1399-02-08,52040
شکلر,43158.0,41343.0,2020-04-28,1399-02-09,52040
شکلر,44162.0,43158.0,2020-04-29,1399-02-10,52040
شکلر,46033.0,44162.0,2020-05-02,1399-02-13,52040
شکلر,48301.0,46033.0,2020-05-03,1399-02-14,52040
شکلر,50716.0,48301.0,2020-05-04,1399-02-15,52040
شکلر,50966.0,50716.0,2020-05-05,1399-02-16,52040
شکلر,48795.0,50966.0,2020-05-06,1399-02-17,52040
شکلر,48623.0,48795.0,2020-05-09,1399-02-20,52040
شکلر,46416.0,48623.0,2020-05-10,1399-02-21,52040
شکلر,44725.0,46416.0,2020-05-11,1399-02-22,52040
شکلر,42613.0,44725.0,2020-05-12,1399-02-23,52040
شکلر,43231.0,42613.0,2020-05-13,1399-02-24,52040
شکلر,41676.0,43231.0,2020-05-16,1399-02-27,52040
شکلر,42144.0,41676.0,2020-05-17,1399-02-28,52040
شکلر,44128.0,42144.0,2020-05-18,1399-02-29,52040
شکلر,43214.0,44128.0,2020-05-19,1399-02-30,52040
شکلر,41125.0,43214.0,2020-05-20,1399-02-31,52040
شکلر,39681.0,41125.0,2020-05-23,1399-03-03,52040
شکلر,38074.0,39681.0,2020-05-26,1399-03-06,52040
شکلر,38574.0,38074.0,2020-05-27,1399-03-07,52040
شکلر,40195.0,38574.0,2020-05-30,1399-03-10,52040
شکلر,40651.0,40195.0,2020-05-31,1399-03-11,52040
شکلر,40281.0,40651.0,2020-06-01,1399-03-12,52040
شکلر,40538.0,40281.0,2020-06-02,1399-03-13,52040
شکلر,42253.0,40538.0,2020-06-06,1399-03-17,52040
شکلر,44233.0,42253.0,2020-06-07,1399-03-18,52040
شکلر,42768.0,44233.0,2020-06-08,1399-03-19,52040
شکلر,41364.0,42768.0,2020-06-09,1399-03-20,52040
شکلر,41652.0,41364.0,2020-06-10,1399-03-21,52040
شکلر,42280.0,41652.0,2020-06-13,1399-03-24,52040
شکلر,43200.0,42280.0,2020-06-14,1399-03-25,52040
شکلر,47490.0,43200.0,2020-06-22,1399-04-02,52040
شکلر,49190.0,47490.0,2020-06-23,1399-04-03,52040
شکلر,46930.0,49190.0,2020-06-24,1399-04-04,52040
شکلر,48020.0,46930.0,2020-06-27,1399-04-07,52040
شکلر,45930.0,48020.0,2020-06-28,1399-04-08,52040
شکلر,45430.0,45930.0,2020-06-29,1399-04-09,52040
شکلر,47700.0,45430.0,2020-06-30,1399-04-10,52040
شکلر,50070.0,47700.0,2020-07-01,1399-04-11,52040
شکلر,50960.0,50070.0,2020-07-04,1399-04-14,52040
شکلر,53490.0,50960.0,2020-07-05,1399-04-15,52040
شکلر,56160.0,53490.0,2020-07-06,1399-04-16,52040
شکلر,58570.0,56160.0,2020-07-07,1399-04-17,52040
شکلر,55700.0,58570.0,2020-07-08,1399-04-18,52040
شکلر,54610.0,55700.0,2020-07-11,1399-04-21,52040
شکلر,56960.0,54610.0,2020-07-12,1399-04-22,52040
شکلر,54430.0,56960.0,2020-07-13,1399-04-23,52040
شکلر,52040.0,54430.0,2020-07-14,1399-04-24,52040
شستا,8600.0,,2020-04-15,1399-01-27,35930
شستا,8889.0,8600.0,2020-04-18,1399-01-30,35930
شستا,9027.0,8889.0,2020-04-19,1399-01-31,35930
شستا,9269.0,9027.0,2020-04-20,1399-02-01,35930
شستا,9483.0,9269.0,2020-04-21,1399-02-02,35930
شستا,9722.0,9483.0,2020-04-22,1399-02-03,35930
شستا,10027.0,9722.0,2020-04-25,1399-02-06,35930
شستا,10480.0,10027.0,2020-04-26,1399-02-07,35930
شستا,10926.0,10480.0,2020-04-27,1399-02-08,35930
شستا,11472.0,10926.0,2020-04-28,1399-02-09,35930
شستا,12031.0,11472.0,2020-04-29,1399-02-10,35930
شستا,12636.0,12031.0,2020-05-02,1399-02-13,35930
شستا,13267.0,12636.0,2020-05-03,1399-02-14,35930
شستا,14465.0,13267.0,2020-05-05,1399-02-16,35930
شستا,15188.0,14465.0,2020-05-10,1399-02-21,35930
شستا,15947.0,15188.0,2020-05-11,1399-02-22,35930
شستا,16324.0,15947.0,2020-05-12,1399-02-23,35930
شستا,15548.0,16324.0,2020-05-13,1399-02-24,35930
شستا,14772.0,15548.0,2020-05-16,1399-02-27,35930
شستا,14399.0,14772.0,2020-05-17,1399-02-28,35930
شستا,15118.0,14399.0,2020-05-18,1399-02-29,35930
شستا,15273.0,15118.0,2020-05-19,1399-02-30,35930
شستا,15081.0,15273.0,2020-05-20,1399-02-31,35930
شستا,14430.0,15081.0,2020-05-23,1399-03-03,35930
شستا,13709.0,14430.0,2020-05-26,1399-03-06,35930
شستا,14394.0,13709.0,2020-05-27,1399-03-07,35930
شستا,15113.0,14394.0,2020-05-30,1399-03-10,35930
شستا,15023.0,15113.0,2020-05-31,1399-03-11,35930
شستا,15515.0,15023.0,2020-06-01,1399-03-12,35930
شستا,16215.0,15515.0,2020-06-02,1399-03-13,35930
شستا,17025.0,16215.0,2020-06-06,1399-03-17,35930
شستا,17874.0,17025.0,2020-06-07,1399-03-18,35930
شستا,18276.0,17874.0,2020-06-08,1399-03-19,35930
شستا,18101.0,18276.0,2020-06-09,1399-03-20,35930
شستا,18156.0,18101.0,2020-06-10,1399-03-21,35930
شستا,18430.0,18156.0,2020-06-13,1399-03-24,35930
شستا,17830.0,18430.0,2020-06-14,1399-03-25,35930
شستا,18100.0,17830.0,2020-06-15,1399-03-26,35930
شستا,18310.0,18100.0,2020-06-16,1399-03-27,35930
شستا,19070.0,18310.0,2020-06-20,1399-03-31,35930
شستا,19990.0,19070.0,2020-06-21,1399-04-01,35930
شستا,20980.0,19990.0,2020-06-22,1399-04-02,35930
شستا,21860.0,20980.0,2020-06-23,1399-04-03,35930
شستا,22540.0,21860.0,2020-06-24,1399-04-04,35930
شستا,23660.0,22540.0,2020-06-27,1399-04-07,35930
شستا,24660.0,23660.0,2020-06-28,1399-04-08,35930
شستا,25480.0,24660.0,2020-06-29,1399-04-09,35930
شستا,26750.0,25480.0,2020-06-30,1399-04-10,35930
شستا,27890.0,26750.0,2020-07-01,1399-04-11,35930
شستا,29280.0,27890.0,2020-07-08,1399-04-18,35930
شستا,30740.0,29280.0,2020-07-11,1399-04-21,35930
شستا,32270.0,30740.0,2020-07-12,1399-04-22,35930
شستا,33880.0,32270.0,2020-07-13,1399-04-23,35930
شستا,35570.0,33880.0,2020-07-14,1399-04-24,35930
شستا,35930.0,35570.0,2020-07-15,1399-04-25,35930
سدور,6477.0,,2020-04-04,1399-01-16,12700
سدور,6724.0,6477.0,2020-04-05,1399-01-17,12700
سدور,6975.0,6724.0,2020-04-06,1399-01-18,12700
سدور,7064.0,6975.0,2020-04-07,1399-01-19,12700
سدور,7197.0,7064.0,2020-04-08,1399-01-20,12700
سدور,7538.0,7197.0,2020-04-11,1399-01-23,12700
سدور,7811.0,7538.0,2020-04-12,1399-01-24,12700
سدور,8095.0,7811.0,2020-04-13,1399-01-25,12700
سدور,8047.0,8095.0,2020-04-14,1399-01-26,12700
سدور,8258.0,8047.0,2020-04-15,1399-01-27,12700
سدور,8601.0,8258.0,2020-04-18,1399-01-30,12700
سدور,8937.0,8601.0,2020-04-19,1399-01-31,12700
سدور,9023.0,8937.0,2020-04-20,1399-02-01,12700
سدور,8874.0,9023.0,2020-04-21,1399-02-02,12700
سدور,8756.0,8874.0,2020-04-22,1399-02-03,12700
سدور,9148.0,8756.0,2020-04-25,1399-02-06,12700
سدور,9459.0,9148.0,2020-04-26,1399-02-07,12700
سدور,9758.0,9459.0,2020-04-27,1399-02-08,12700
سدور,10081.0,9758.0,2020-04-28,1399-02-09,12700
سدور,10543.0,10081.0,2020-04-29,1399-02-10,12700
سدور,11002.0,10543.0,2020-05-02,1399-02-13,12700
سدور,11547.0,11002.0,2020-05-03,1399-02-14,12700
سدور,12575.0,11547.0,2020-05-09,1399-02-20,12700
سدور,13183.0,12575.0,2020-05-10,1399-02-21,12700
سدور,12980.0,13183.0,2020-05-11,1399-02-22,12700
سدور,12782.0,12980.0,2020-05-12,1399-02-23,12700
سدور,12167.0,12782.0,2020-05-13,1399-02-24,12700
سدور,11716.0,12167.0,2020-05-19,1399-02-30,12700
سدور,11557.0,11716.0,2020-05-20,1399-02-31,12700
سدور,11472.0,11557.0,2020-05-23,1399-03-03,12700
سدور,11452.0,11472.0,2020-05-26,1399-03-06,12700
سدور,10899.0,11452.0,2020-05-27,1399-03-07,12700
سدور,11179.0,10899.0,2020-05-30,1399-03-10,12700
سدور,10704.0,11179.0,2020-05-31,1399-03-11,12700
سدور,10197.0,10704.0,2020-06-01,1399-03-12,12700
سدور,10507.0,10197.0,2020-06-02,1399-03-13,12700
سدور,10673.0,10507.0,2020-06-06,1399-03-17,12700
سدور,10910.0,10673.0,2020-06-07,1399-03-18,12700
سدور,11347.0,10910.0,2020-06-08,1399-03-19,12700
سدور,11585.0,11347.0,2020-06-09,1399-03-20,12700
سدور,11713.0,11585.0,2020-06-10,1399-03-21,12700
سدور,11870.0,11713.0,2020-06-13,1399-03-24,12700
سدور,12190.0,11870.0,2020-06-14,1399-03-25,12700
سدور,13480.0,12190.0,2020-06-22,1399-04-02,12700
سدور,14060.0,13480.0,2020-06-23,1399-04-03,12700
سدور,14440.0,14060.0,2020-06-24,1399-04-04,12700
سدور,15160.0,14440.0,2020-06-27,1399-04-07,12700
سدور,15360.0,15160.0,2020-06-28,1399-04-08,12700
سدور,14620.0,15360.0,2020-06-29,1399-04-09,12700
سدور,15290.0,14620.0,2020-06-30,1399-04-10,12700
سدور,15830.0,15290.0,2020-07-01,1399-04-11,12700
سدور,15920.0,15830.0,2020-07-04,1399-04-14,12700
سدور,15800.0,15920.0,2020-07-05,1399-04-15,12700
سدور,15370.0,15800.0,2020-07-06,1399-04-16,12700
سدور,14620.0,15370.0,2020-07-07,1399-04-17,12700
سدور,13890.0,14620.0,2020-07-08,1399-04-18,12700
سدور,13230.0,13890.0,2020-07-11,1399-04-21,12700
سدور,13680.0,13230.0,2020-07-12,1399-04-22,12700
سدور,13090.0,13680.0,2020-07-13,1399-04-23,12700
سدور,12700.0,13090.0,2020-07-14,1399-04-24,12700
زکوثر,21707.0,,2020-04-05,1399-01-17,39800
زکوثر,22792.0,21707.0,2020-04-06,1399-01-18,39800
زکوثر,23931.0,22792.0,2020-04-07,1399-01-19,39800
زکوثر,25127.0,23931.0,2020-04-08,1399-01-20,39800
زکوثر,26383.0,25127.0,2020-04-11,1399-01-23,39800
زکوثر,27700.0,26383.0,2020-04-12,1399-01-24,39800
زکوثر,27142.0,27700.0,2020-04-13,1399-01-25,39800
زکوثر,25834.0,27142.0,2020-04-14,1399-01-26,39800
زکوثر,25090.0,25834.0,2020-04-15,1399-01-27,39800
زکوثر,26344.0,25090.0,2020-04-18,1399-01-30,39800
زکوثر,25105.0,26344.0,2020-04-19,1399-01-31,39800
زکوثر,25888.0,25105.0,2020-04-20,1399-02-01,39800
زکوثر,26556.0,25888.0,2020-04-21,1399-02-02,39800
زکوثر,27836.0,26556.0,2020-04-22,1399-02-03,39800
زکوثر,29227.0,27836.0,2020-04-25,1399-02-06,39800
زکوثر,30688.0,29227.0,2020-04-26,1399-02-07,39800
زکوثر,31030.0,30688.0,2020-04-27,1399-02-08,39800
زکوثر,32190.0,31030.0,2020-04-28,1399-02-09,39800
زکوثر,33506.0,32190.0,2020-04-29,1399-02-10,39800
زکوثر,35129.0,33506.0,2020-05-02,1399-02-13,39800
زکوثر,36885.0,35129.0,2020-05-03,1399-02-14,39800
زکوثر,35994.0,36885.0,2020-05-04,1399-02-15,39800
زکوثر,34638.0,35994.0,2020-05-05,1399-02-16,39800
زکوثر,32973.0,34638.0,2020-05-06,1399-02-17,39800
زکوثر,33351.0,32973.0,2020-05-09,1399-02-20,39800
زکوثر,32066.0,33351.0,2020-05-10,1399-02-21,39800
زکوثر,30702.0,32066.0,2020-05-11,1399-02-22,39800
زکوثر,29791.0,30702.0,2020-05-12,1399-02-23,39800
زکوثر,30238.0,29791.0,2020-05-13,1399-02-24,39800
زکوثر,29197.0,30238.0,2020-05-16,1399-02-27,39800
زکوثر,30081.0,29197.0,2020-05-17,1399-02-28,39800
زکوثر,31585.0,30081.0,2020-05-18,1399-02-29,39800
زکوثر,33091.0,31585.0,2020-05-19,1399-02-30,39800
زکوثر,32005.0,33091.0,2020-05-20,1399-02-31,39800
زکوثر,30496.0,32005.0,2020-05-23,1399-03-03,39800
زکوثر,28986.0,30496.0,2020-05-26,1399-03-06,39800
زکوثر,28431.0,28986.0,2020-05-27,1399-03-07,39800
زکوثر,29842.0,28431.0,2020-05-30,1399-03-10,39800
زکوثر,28851.0,29842.0,2020-05-31,1399-03-11,39800
زکوثر,29037.0,28851.0,2020-06-01,1399-03-12,39800
زکوثر,30320.0,29037.0,2020-06-02,1399-03-13,39800
زکوثر,31836.0,30320.0,2020-06-06,1399-03-17,39800
زکوثر,33427.0,31836.0,2020-06-07,1399-03-18,39800
زکوثر,34791.0,33427.0,2020-06-08,1399-03-19,39800
زکوثر,36342.0,34791.0,2020-06-09,1399-03-20,39800
زکوثر,38036.0,36342.0,2020-06-10,1399-03-21,39800
زکوثر,39840.0,38036.0,2020-06-13,1399-03-24,39800
زکوثر,40650.0,39840.0,2020-06-14,1399-03-25,39800
زکوثر,42800.0,40650.0,2020-06-22,1399-04-02,39800
زکوثر,43520.0,42800.0,2020-06-23,1399-04-03,39800
زکوثر,43300.0,43520.0,2020-06-27,1399-04-07,39800
زکوثر,41280.0,43300.0,2020-06-28,1399-04-08,39800
زکوثر,40100.0,41280.0,2020-06-29,1399-04-09,39800
زکوثر,42030.0,40100.0,2020-06-30,1399-04-10,39800
زکوثر,42310.0,42030.0,2020-07-01,1399-04-11,39800
زکوثر,40590.0,42310.0,2020-07-04,1399-04-14,39800
زکوثر,40650.0,40590.0,2020-07-05,1399-04-15,39800
زکوثر,42630.0,40650.0,2020-07-06,1399-04-16,39800
زکوثر,41010.0,42630.0,2020-07-07,1399-04-17,39800
زکوثر,39270.0,41010.0,2020-07-08,1399-04-18,39800
زکوثر,38970.0,39270.0,2020-07-11,1399-04-21,39800
زکوثر,40790.0,38970.0,2020-07-12,1399-04-22,39800
زکوثر,40550.0,40790.0,2020-07-13,1399-04-23,39800
زکوثر,39800.0,40550.0,2020-07-14,1399-04-24,39800
خگستر,2729.0,,2020-04-26,1399-02-07,9640
خگستر,2863.0,2729.0,2020-04-27,1399-02-08,9640
خگستر,3006.0,2863.0,2020-04-28,1399-02-09,9640
خگستر,3156.0,3006.0,2020-04-29,1399-02-10,9640
خگستر,3313.0,3156.0,2020-05-02,1399-02-13,9640
خگستر,3478.0,3313.0,2020-05-03,1399-02-14,9640
خگستر,3651.0,3478.0,2020-05-04,1399-02-15,9640
خگستر,3761.0,3651.0,2020-05-05,1399-02-16,9640
خگستر,3894.0,3761.0,2020-05-06,1399-02-17,9640
خگستر,4088.0,3894.0,2020-05-09,1399-02-20,9640
خگستر,4292.0,4088.0,2020-05-10,1399-02-21,9640
خگستر,4451.0,4292.0,2020-05-12,1399-02-23,9640
خگستر,4639.0,4451.0,2020-05-13,1399-02-24,9640
خگستر,4560.0,4639.0,2020-05-16,1399-02-27,9640
خگستر,4471.0,4560.0,2020-05-17,1399-02-28,9640
خگستر,4683.0,4471.0,2020-05-18,1399-02-29,9640
خگستر,4915.0,4683.0,2020-05-19,1399-02-30,9640
خگستر,5153.0,4915.0,2020-05-20,1399-02-31,9640
خگستر,4919.0,5153.0,2020-05-23,1399-03-03,9640
خگستر,4683.0,4919.0,2020-05-26,1399-03-06,9640
خگستر,4449.0,4683.0,2020-05-27,1399-03-07,9640
خگستر,4324.0,4449.0,2020-05-30,1399-03-10,9640
خگستر,4108.0,4324.0,2020-05-31,1399-03-11,9640
خگستر,3903.0,4108.0,2020-06-01,1399-03-12,9640
خگستر,4020.0,3903.0,2020-06-02,1399-03-13,9640
خگستر,3956.0,4020.0,2020-06-06,1399-03-17,9640
خگستر,4129.0,3956.0,2020-06-07,1399-03-18,9640
خگستر,4081.0,4129.0,2020-06-08,1399-03-19,9640
خگستر,4069.0,4081.0,2020-06-09,1399-03-20,9640
خگستر,4270.0,4069.0,2020-06-10,1399-03-21,9640
خگستر,4480.0,4270.0,2020-06-14,1399-03-25,9640
خگستر,4700.0,4480.0,2020-06-15,1399-03-26,9640
خگستر,4930.0,4700.0,2020-06-16,1399-03-27,9640
خگستر,5170.0,4930.0,2020-06-20,1399-03-31,9640
خگستر,5420.0,5170.0,2020-06-21,1399-04-01,9640
خگستر,5510.0,5420.0,2020-06-22,1399-04-02,9640
خگستر,5740.0,5510.0,2020-06-23,1399-04-03,9640
خگستر,5960.0,5740.0,2020-06-24,1399-04-04,9640
خگستر,6250.0,5960.0,2020-06-27,1399-04-07,9640
خگستر,6420.0,6250.0,2020-06-28,1399-04-08,9640
خگستر,6300.0,6420.0,2020-06-29,1399-04-09,9640
خگستر,6610.0,6300.0,2020-06-30,1399-04-10,9640
خگستر,6940.0,6610.0,2020-07-01,1399-04-11,9640
خگستر,7230.0,6940.0,2020-07-04,1399-04-14,9640
خگستر,7590.0,7230.0,2020-07-05,1399-04-15,9640
خگستر,7960.0,7590.0,2020-07-06,1399-04-16,9640
خگستر,8350.0,7960.0,2020-07-07,1399-04-17,9640
خگستر,8760.0,8350.0,2020-07-08,1399-04-18,9640
خگستر,9190.0,8760.0,2020-07-12,1399-04-22,9640
خگستر,9640.0,9190.0,2020-07-13,1399-04-23,9640
حکشتی,18117.0,,2020-04-04,1399-01-16,57700
حکشتی,17502.0,18117.0,2020-04-05,1399-01-17,57700
حکشتی,16840.0,17502.0,2020-04-06,1399-01-18,57700
حکشتی,17598.0,16840.0,2020-04-07,1399-01-19,57700
حکشتی,18454.0,17598.0,2020-04-08,1399-01-20,57700
حکشتی,19376.0,18454.0,2020-04-11,1399-01-23,57700
حکشتی,20177.0,19376.0,2020-04-12,1399-01-24,57700
حکشتی,21185.0,20177.0,2020-04-13,1399-01-25,57700
حکشتی,21757.0,21185.0,2020-04-14,1399-01-26,57700
حکشتی,22844.0,21757.0,2020-04-15,1399-01-27,57700
حکشتی,23979.0,22844.0,2020-04-18,1399-01-30,57700
حکشتی,24757.0,23979.0,2020-04-19,1399-01-31,57700
حکشتی,25624.0,24757.0,2020-04-20,1399-02-01,57700
حکشتی,26707.0,25624.0,2020-04-21,1399-02-02,57700
حکشتی,29359.0,26707.0,2020-04-29,1399-02-10,57700
حکشتی,30822.0,29359.0,2020-05-02,1399-02-13,57700
حکشتی,32363.0,30822.0,2020-05-03,1399-02-14,57700
حکشتی,31845.0,32363.0,2020-05-04,1399-02-15,57700
حکشتی,30824.0,31845.0,2020-05-05,1399-02-16,57700
حکشتی,29405.0,30824.0,2020-05-06,1399-02-17,57700
حکشتی,30787.0,29405.0,2020-05-09,1399-02-20,57700
حکشتی,31211.0,30787.0,2020-05-10,1399-02-21,57700
حکشتی,29781.0,31211.0,2020-05-11,1399-02-22,57700
حکشتی,28292.0,29781.0,2020-05-12,1399-02-23,57700
حکشتی,25804.0,28292.0,2020-05-13,1399-02-24,57700
حکشتی,24256.0,25804.0,2020-05-16,1399-02-27,57700
حکشتی,25468.0,24256.0,2020-05-17,1399-02-28,57700
حکشتی,26741.0,25468.0,2020-05-18,1399-02-29,57700
حکشتی,28078.0,26741.0,2020-05-19,1399-02-30,57700
حکشتی,29481.0,28078.0,2020-05-20,1399-02-31,57700
حکشتی,30581.0,29481.0,2020-05-23,1399-03-03,57700
حکشتی,27403.0,30581.0,2020-06-02,1399-03-13,57700
حکشتی,27150.0,27403.0,2020-06-06,1399-03-17,57700
حکشتی,28468.0,27150.0,2020-06-07,1399-03-18,57700
حکشتی,27913.0,28468.0,2020-06-08,1399-03-19,57700
حکشتی,26606.0,27913.0,2020-06-09,1399-03-20,57700
حکشتی,25915.0,26606.0,2020-06-10,1399-03-21,57700
حکشتی,27130.0,25915.0,2020-06-13,1399-03-24,57700
حکشتی,26360.0,27130.0,2020-06-14,1399-03-25,57700
حکشتی,27060.0,26360.0,2020-06-15,1399-03-26,57700
حکشتی,28410.0,27060.0,2020-06-16,1399-03-27,57700
حکشتی,29830.0,28410.0,2020-06-20,1399-03-31,57700
حکشتی,31320.0,29830.0,2020-06-21,1399-04-01,57700
حکشتی,32790.0,31320.0,2020-06-22,1399-04-02,57700
حکشتی,34420.0,32790.0,2020-06-23,1399-04-03,57700
حکشتی,36140.0,34420.0,2020-06-24,1399-04-04,57700
حکشتی,37940.0,36140.0,2020-06-27,1399-04-07,57700
حکشتی,39830.0,37940.0,2020-06-28,1399-04-08,57700
حکشتی,39800.0,39830.0,2020-06-29,1399-04-09,57700
حکشتی,41470.0,39800.0,2020-06-30,1399-04-10,57700
حکشتی,43540.0,41470.0,2020-07-06,1399-04-16,57700
حکشتی,45710.0,43540.0,2020-07-07,1399-04-17,57700
حکشتی,47010.0,45710.0,2020-07-08,1399-04-18,57700
حکشتی,47730.0,47010.0,2020-07-11,1399-04-21,57700
حکشتی,50110.0,47730.0,2020-07-12,1399-04-22,57700
حکشتی,52610.0,50110.0,2020-07-13,1399-04-23,57700
حکشتی,55240.0,52610.0,2020-07-14,1399-04-24,57700
حکشتی,57700.0,55240.0,2020-07-15,1399-04-25,57700
تملت,5607.0,,2020-04-06,1399-01-18,15980
تملت,5632.0,5607.0,2020-04-07,1399-01-19,15980
تملت,5913.0,5632.0,2020-04-08,1399-01-20,15980
تملت,6511.0,5913.0,2020-04-11,1399-01-23,15980
تملت,6836.0,6511.0,2020-04-12,1399-01-24,15980
تملت,6707.0,6836.0,2020-04-13,1399-01-25,15980
تملت,6435.0,6707.0,2020-04-14,1399-01-26,15980
تملت,6730.0,6435.0,2020-04-15,1399-01-27,15980
تملت,7066.0,6730.0,2020-04-18,1399-01-30,15980
تملت,7301.0,7066.0,2020-04-19,1399-01-31,15980
تملت,7666.0,7301.0,2020-04-20,1399-02-01,15980
تملت,7738.0,7666.0,2020-04-21,1399-02-02,15980
تملت,8124.0,7738.0,2020-04-22,1399-02-03,15980
تملت,8530.0,8124.0,2020-04-25,1399-02-06,15980
تملت,8757.0,8530.0,2020-04-26,1399-02-07,15980
تملت,9194.0,8757.0,2020-04-27,1399-02-08,15980
تملت,9653.0,9194.0,2020-04-28,1399-02-09,15980
تملت,9834.0,9653.0,2020-04-29,1399-02-10,15980
تملت,10795.0,9834.0,2020-05-04,1399-02-15,15980
تملت,11229.0,10795.0,2020-05-05,1399-02-16,15980
تملت,11593.0,11229.0,2020-05-06,1399-02-17,15980
تملت,12172.0,11593.0,2020-05-09,1399-02-20,15980
تملت,12780.0,12172.0,2020-05-10,1399-02-21,15980
تملت,13411.0,12780.0,2020-05-11,1399-02-22,15980
تملت,12741.0,13411.0,2020-05-12,1399-02-23,15980
تملت,12299.0,12741.0,2020-05-13,1399-02-24,15980
تملت,11068.0,12299.0,2020-05-19,1399-02-30,15980
تملت,10636.0,11068.0,2020-05-20,1399-02-31,15980
تملت,10144.0,10636.0,2020-05-23,1399-03-03,15980
تملت,10259.0,10144.0,2020-05-26,1399-03-06,15980
تملت,10631.0,10259.0,2020-05-27,1399-03-07,15980
تملت,11162.0,10631.0,2020-05-30,1399-03-10,15980
تملت,11607.0,11162.0,2020-05-31,1399-03-11,15980
تملت,12091.0,11607.0,2020-06-01,1399-03-12,15980
تملت,12686.0,12091.0,2020-06-02,1399-03-13,15980
تملت,13320.0,12686.0,2020-06-06,1399-03-17,15980
تملت,13986.0,13320.0,2020-06-07,1399-03-18,15980
تملت,14636.0,13986.0,2020-06-08,1399-03-19,15980
تملت,15252.0,14636.0,2020-06-09,1399-03-20,15980
تملت,16014.0,15252.0,2020-06-10,1399-03-21,15980
تملت,16620.0,16014.0,2020-06-13,1399-03-24,15980
تملت,17120.0,16620.0,2020-06-22,1399-04-02,15980
تملت,17850.0,17120.0,2020-06-23,1399-04-03,15980
تملت,17720.0,17850.0,2020-06-24,1399-04-04,15980
تملت,17300.0,17720.0,2020-06-27,1399-04-07,15980
تملت,16660.0,17300.0,2020-06-28,1399-04-08,15980
تملت,16550.0,16660.0,2020-06-29,1399-04-09,15980
تملت,17360.0,16550.0,2020-06-30,1399-04-10,15980
تملت,18210.0,17360.0,2020-07-01,1399-04-11,15980
تملت,17630.0,18210.0,2020-07-04,1399-04-14,15980
تملت,17760.0,17630.0,2020-07-05,1399-04-15,15980
تملت,18610.0,17760.0,2020-07-06,1399-04-16,15980
تملت,18190.0,18610.0,2020-07-07,1399-04-17,15980
تملت,17390.0,18190.0,2020-07-08,1399-04-18,15980
تملت,16790.0,17390.0,2020-07-11,1399-04-21,15980
تملت,17340.0,16790.0,2020-07-12,1399-04-22,15980
تملت,16590.0,17340.0,2020-07-13,1399-04-23,15980
تملت,15980.0,16590.0,2020-07-14,1399-04-24,15980
تپمپی,24317.0,,2020-04-04,1399-01-16,66900
تپمپی,25490.0,24317.0,2020-04-05,1399-01-17,66900
تپمپی,26454.0,25490.0,2020-04-06,1399-01-18,66900
تپمپی,27776.0,26454.0,2020-04-11,1399-01-23,66900
تپمپی,27451.0,27776.0,2020-04-12,1399-01-24,66900
تپمپی,28656.0,27451.0,2020-04-13,1399-01-25,66900
تپمپی,30083.0,28656.0,2020-04-14,1399-01-26,66900
تپمپی,30461.0,30083.0,2020-04-15,1399-01-27,66900
تپمپی,31084.0,30461.0,2020-04-18,1399-01-30,66900
تپمپی,32600.0,31084.0,2020-04-19,1399-01-31,66900
تپمپی,33600.0,32600.0,2020-04-20,1399-02-01,66900
تپمپی,34416.0,33600.0,2020-04-21,1399-02-02,66900
تپمپی,35065.0,34416.0,2020-04-22,1399-02-03,66900
تپمپی,36072.0,35065.0,2020-04-25,1399-02-06,66900
تپمپی,37848.0,36072.0,2020-04-26,1399-02-07,66900
تپمپی,39343.0,37848.0,2020-04-27,1399-02-08,66900
تپمپی,39234.0,39343.0,2020-04-28,1399-02-09,66900
تپمپی,40302.0,39234.0,2020-04-29,1399-02-10,66900
تپمپی,41666.0,40302.0,2020-05-02,1399-02-13,66900
تپمپی,42676.0,41666.0,2020-05-04,1399-02-15,66900
تپمپی,40985.0,42676.0,2020-05-05,1399-02-16,66900
تپمپی,39042.0,40985.0,2020-05-06,1399-02-17,66900
تپمپی,40796.0,39042.0,2020-05-09,1399-02-20,66900
تپمپی,39514.0,40796.0,2020-05-10,1399-02-21,66900
تپمپی,41303.0,39514.0,2020-05-11,1399-02-22,66900
تپمپی,39928.0,41303.0,2020-05-12,1399-02-23,66900
تپمپی,39114.0,39928.0,2020-05-13,1399-02-24,66900
تپمپی,37761.0,39114.0,2020-05-16,1399-02-27,66900
تپمپی,35895.0,37761.0,2020-05-17,1399-02-28,66900
تپمپی,35466.0,35895.0,2020-05-18,1399-02-29,66900
تپمپی,37170.0,35466.0,2020-05-19,1399-02-30,66900
تپمپی,35926.0,37170.0,2020-05-20,1399-02-31,66900
تپمپی,35488.0,35926.0,2020-05-23,1399-03-03,66900
تپمپی,34489.0,35488.0,2020-05-26,1399-03-06,66900
تپمپی,34360.0,34489.0,2020-05-27,1399-03-07,66900
تپمپی,35535.0,34360.0,2020-05-30,1399-03-10,66900
تپمپی,37072.0,35535.0,2020-05-31,1399-03-11,66900
تپمپی,38578.0,37072.0,2020-06-01,1399-03-12,66900
تپمپی,40432.0,38578.0,2020-06-02,1399-03-13,66900
تپمپی,34840.0,40432.0,2020-06-14,1399-03-25,66900
تپمپی,36140.0,34840.0,2020-06-22,1399-04-02,66900
تپمپی,37940.0,36140.0,2020-06-23,1399-04-03,66900
تپمپی,39810.0,37940.0,2020-06-24,1399-04-04,66900
تپمپی,41750.0,39810.0,2020-06-27,1399-04-07,66900
تپمپی,43830.0,41750.0,2020-06-28,1399-04-08,66900
تپمپی,45950.0,43830.0,2020-06-29,1399-04-09,66900
تپمپی,48240.0,45950.0,2020-06-30,1399-04-10,66900
تپمپی,50650.0,48240.0,2020-07-01,1399-04-11,66900
تپمپی,53180.0,50650.0,2020-07-04,1399-04-14,66900
تپمپی,55830.0,53180.0,2020-07-05,1399-04-15,66900
تپمپی,58090.0,55830.0,2020-07-06,1399-04-16,66900
تپمپی,57670.0,58090.0,2020-07-07,1399-04-17,66900
تپمپی,59770.0,57670.0,2020-07-08,1399-04-18,66900
تپمپی,59790.0,59770.0,2020-07-11,1399-04-21,66900
تپمپی,62580.0,59790.0,2020-07-12,1399-04-22,66900
تپمپی,64000.0,62580.0,2020-07-13,1399-04-23,66900
تپمپی,66900.0,64000.0,2020-07-14,1399-04-24,66900
تاصیکو,5862.0,,2020-04-04,1399-01-16,25740
تاصیکو,5970.0,5862.0,2020-04-05,1399-01-17,25740
تاصیکو,6250.0,5970.0,2020-04-06,1399-01-18,25740
تاصیکو,6481.0,6250.0,2020-04-07,1399-01-19,25740
تاصیکو,6691.0,6481.0,2020-04-08,1399-01-20,25740
تاصیکو,7025.0,6691.0,2020-04-11,1399-01-23,25740
تاصیکو,7249.0,7025.0,2020-04-12,1399-01-24,25740
تاصیکو,7184.0,7249.0,2020-04-13,1399-01-25,25740
تاصیکو,7195.0,7184.0,2020-04-14,1399-01-26,25740
تاصیکو,7518.0,7195.0,2020-04-15,1399-01-27,25740
تاصیکو,7893.0,7518.0,2020-04-18,1399-01-30,25740
تاصیکو,8261.0,7893.0,2020-04-19,1399-01-31,25740
تاصیکو,8518.0,8261.0,2020-04-20,1399-02-01,25740
تاصیکو,8928.0,8518.0,2020-04-21,1399-02-02,25740
تاصیکو,9124.0,8928.0,2020-04-22,1399-02-03,25740
تاصیکو,9549.0,9124.0,2020-04-25,1399-02-06,25740
تاصیکو,10007.0,9549.0,2020-04-26,1399-02-07,25740
تاصیکو,10465.0,10007.0,2020-04-27,1399-02-08,25740
تاصیکو,10986.0,10465.0,2020-04-28,1399-02-09,25740
تاصیکو,11535.0,10986.0,2020-04-29,1399-02-10,25740
تاصیکو,12715.0,11535.0,2020-05-03,1399-02-14,25740
تاصیکو,13315.0,12715.0,2020-05-04,1399-02-15,25740
تاصیکو,13382.0,13315.0,2020-05-05,1399-02-16,25740
تاصیکو,13042.0,13382.0,2020-05-06,1399-02-17,25740
تاصیکو,13692.0,13042.0,2020-05-09,1399-02-20,25740
تاصیکو,14372.0,13692.0,2020-05-10,1399-02-21,25740
تاصیکو,13986.0,14372.0,2020-05-11,1399-02-22,25740
تاصیکو,13288.0,13986.0,2020-05-12,1399-02-23,25740
تاصیکو,12911.0,13288.0,2020-05-13,1399-02-24,25740
تاصیکو,12279.0,12911.0,2020-05-16,1399-02-27,25740
تاصیکو,11863.0,12279.0,2020-05-17,1399-02-28,25740
تاصیکو,12427.0,11863.0,2020-05-18,1399-02-29,25740
تاصیکو,13041.0,12427.0,2020-05-19,1399-02-30,25740
تاصیکو,12534.0,13041.0,2020-05-20,1399-02-31,25740
تاصیکو,11919.0,12534.0,2020-05-23,1399-03-03,25740
تاصیکو,11359.0,11919.0,2020-05-26,1399-03-06,25740
تاصیکو,11825.0,11359.0,2020-05-27,1399-03-07,25740
تاصیکو,12416.0,11825.0,2020-05-30,1399-03-10,25740
تاصیکو,12539.0,12416.0,2020-05-31,1399-03-11,25740
تاصیکو,12764.0,12539.0,2020-06-01,1399-03-12,25740
تاصیکو,13351.0,12764.0,2020-06-02,1399-03-13,25740
تاصیکو,14018.0,13351.0,2020-06-06,1399-03-17,25740
تاصیکو,14695.0,14018.0,2020-06-07,1399-03-18,25740
تاصیکو,14368.0,14695.0,2020-06-08,1399-03-19,25740
تاصیکو,14240.0,14368.0,2020-06-09,1399-03-20,25740
تاصیکو,14932.0,14240.0,2020-06-10,1399-03-21,25740
تاصیکو,15590.0,14932.0,2020-06-13,1399-03-24,25740
تاصیکو,15120.0,15590.0,2020-06-14,1399-03-25,25740
تاصیکو,17140.0,15120.0,2020-06-22,1399-04-02,25740
تاصیکو,17980.0,17140.0,2020-06-23,1399-04-03,25740
تاصیکو,18180.0,17980.0,2020-06-24,1399-04-04,25740
تاصیکو,18990.0,18180.0,2020-06-27,1399-04-07,25740
تاصیکو,19580.0,18990.0,2020-06-28,1399-04-08,25740
تاصیکو,19020.0,19580.0,2020-06-29,1399-04-09,25740
تاصیکو,19940.0,19020.0,2020-06-30,1399-04-10,25740
تاصیکو,20930.0,19940.0,2020-07-01,1399-04-11,25740
تاصیکو,20400.0,20930.0,2020-07-04,1399-04-14,25740
تاصیکو,20850.0,20400.0,2020-07-05,1399-04-15,25740
تاصیکو,21890.0,20850.0,2020-07-06,1399-04-16,25740
تاصیکو,22300.0,21890.0,2020-07-07,1399-04-17,25740
تاصیکو,22450.0,22300.0,2020-07-11,1399-04-21,25740
تاصیکو,23570.0,22450.0,2020-07-12,1399-04-22,25740
تاصیکو,24690.0,23570.0,2020-07-13,1399-04-23,25740
تاصیکو,25740.0,24690.0,2020-07-14,1399-04-24,25740
کفپارس,142401.0,,2020-04-04,1399-01-16,167410
کفپارس,155905.0,142401.0,2020-04-11,1399-01-23,167410
کفپارس,159583.0,155905.0,2020-04-12,1399-01-24,167410
کفپارس,152314.0,159583.0,2020-04-13,1399-01-25,167410
کفپارس,146166.0,152314.0,2020-04-14,1399-01-26,167410
کفپارس,147758.0,146166.0,2020-04-15,1399-01-27,167410
کفپارس,153849.0,147758.0,2020-04-18,1399-01-30,167410
کفپارس,153106.0,153849.0,2020-04-19,1399-01-31,167410
کفپارس,146294.0,153106.0,2020-04-20,1399-02-01,167410
کفپارس,141394.0,146294.0,2020-04-21,1399-02-02,167410
کفپارس,139073.0,141394.0,2020-04-22,1399-02-03,167410
کفپارس,145542.0,139073.0,2020-04-25,1399-02-06,167410
کفپارس,152286.0,145542.0,2020-04-26,1399-02-07,167410
کفپارس,159900.0,152286.0,2020-04-27,1399-02-08,167410
کفپارس,167895.0,159900.0,2020-04-28,1399-02-09,167410
کفپارس,176289.0,167895.0,2020-04-29,1399-02-10,167410
کفپارس,185103.0,176289.0,2020-05-02,1399-02-13,167410
کفپارس,181989.0,185103.0,2020-05-09,1399-02-20,167410
کفپارس,174449.0,181989.0,2020-05-10,1399-02-21,167410
کفپارس,165727.0,174449.0,2020-05-11,1399-02-22,167410
کفپارس,172102.0,165727.0,2020-05-12,1399-02-23,167410
کفپارس,180707.0,172102.0,2020-05-13,1399-02-24,167410
کفپارس,189742.0,180707.0,2020-05-16,1399-02-27,167410
کفپارس,199229.0,189742.0,2020-05-17,1399-02-28,167410
کفپارس,206408.0,199229.0,2020-05-18,1399-02-29,167410
کفپارس,214384.0,206408.0,2020-05-19,1399-02-30,167410
کفپارس,225103.0,214384.0,2020-05-20,1399-02-31,167410
کفپارس,236358.0,225103.0,2020-05-23,1399-03-03,167410
کفپارس,237614.0,236358.0,2020-05-26,1399-03-06,167410
کفپارس,248373.0,237614.0,2020-05-27,1399-03-07,167410
کفپارس,245849.0,248373.0,2020-06-02,1399-03-13,167410
کفپارس,243389.0,245849.0,2020-06-06,1399-03-17,167410
کفپارس,240534.0,243389.0,2020-06-07,1399-03-18,167410
کفپارس,238631.0,240534.0,2020-06-08,1399-03-19,167410
کفپارس,235285.0,238631.0,2020-06-09,1399-03-20,167410
کفپارس,233113.0,235285.0,2020-06-10,1399-03-21,167410
کفپارس,224500.0,233113.0,2020-06-13,1399-03-24,167410
کفپارس,220980.0,224500.0,2020-06-14,1399-03-25,167410
کفپارس,183170.0,220980.0,2020-06-22,1399-04-02,167410
کفپارس,182020.0,183170.0,2020-06-23,1399-04-03,167410
کفپارس,188400.0,182020.0,2020-06-24,1399-04-04,167410
کفپارس,183710.0,188400.0,2020-06-27,1399-04-07,167410
کفپارس,176350.0,183710.0,2020-06-28,1399-04-08,167410
کفپارس,167540.0,176350.0,2020-06-29,1399-04-09,167410
کفپارس,163890.0,167540.0,2020-06-30,1399-04-10,167410
کفپارس,164850.0,163890.0,2020-07-01,1399-04-11,167410
کفپارس,167410.0,164850.0,2020-07-04,1399-04-14,167410
مادیرا,35999.0,,2020-04-04,1399-01-16,41661
مادیرا,35507.0,35999.0,2020-04-05,1399-01-17,41661
مادیرا,33830.0,35507.0,2020-04-06,1399-01-18,41661
مادیرا,32919.0,33830.0,2020-04-07,1399-01-19,41661
مادیرا,34194.0,32919.0,2020-04-08,1399-01-20,41661
مادیرا,34334.0,34194.0,2020-04-11,1399-01-23,41661
مادیرا,32958.0,34334.0,2020-04-12,1399-01-24,41661
مادیرا,32401.0,32958.0,2020-04-13,1399-01-25,41661
مادیرا,31155.0,32401.0,2020-04-14,1399-01-26,41661
مادیرا,32607.0,31155.0,2020-04-15,1399-01-27,41661
مادیرا,34237.0,32607.0,2020-04-18,1399-01-30,41661
مادیرا,34090.0,34237.0,2020-04-19,1399-01-31,41661
مادیرا,33899.0,34090.0,2020-04-20,1399-02-01,41661
مادیرا,33603.0,33899.0,2020-04-21,1399-02-02,41661
مادیرا,34996.0,33603.0,2020-04-22,1399-02-03,41661
مادیرا,36745.0,34996.0,2020-04-25,1399-02-06,41661
مادیرا,38467.0,36745.0,2020-04-26,1399-02-07,41661
مادیرا,40371.0,38467.0,2020-04-27,1399-02-08,41661
مادیرا,40367.0,40371.0,2020-04-28,1399-02-09,41661
مادیرا,41665.0,40367.0,2020-04-29,1399-02-10,41661
مادیرا,43717.0,41665.0,2020-05-02,1399-02-13,41661
مادیرا,45457.0,43717.0,2020-05-03,1399-02-14,41661
مادیرا,43725.0,45457.0,2020-05-04,1399-02-15,41661
مادیرا,42140.0,43725.0,2020-05-05,1399-02-16,41661
مادیرا,40181.0,42140.0,2020-05-06,1399-02-17,41661
مادیرا,41939.0,40181.0,2020-05-09,1399-02-20,41661
مادیرا,40534.0,41939.0,2020-05-10,1399-02-21,41661
مادیرا,38647.0,40534.0,2020-05-11,1399-02-22,41661
مادیرا,37429.0,38647.0,2020-05-12,1399-02-23,41661
مادیرا,36329.0,37429.0,2020-05-13,1399-02-24,41661
مادیرا,37443.0,36329.0,2020-05-16,1399-02-27,41661
مادیرا,39240.0,37443.0,2020-05-17,1399-02-28,41661
مادیرا,41202.0,39240.0,2020-05-18,1399-02-29,41661
مادیرا,40842.0,41202.0,2020-05-19,1399-02-30,41661
مادیرا,38924.0,40842.0,2020-05-20,1399-02-31,41661
مادیرا,37453.0,38924.0,2020-05-23,1399-03-03,41661
مادیرا,36459.0,37453.0,2020-05-26,1399-03-06,41661
مادیرا,34874.0,36459.0,2020-05-27,1399-03-07,41661
مادیرا,35772.0,34874.0,2020-05-30,1399-03-10,41661
مادیرا,34204.0,35772.0,2020-05-31,1399-03-11,41661
مادیرا,33378.0,34204.0,2020-06-01,1399-03-12,41661
مادیرا,33867.0,33378.0,2020-06-02,1399-03-13,41661
مادیرا,35324.0,33867.0,2020-06-06,1399-03-17,41661
مادیرا,37090.0,35324.0,2020-06-07,1399-03-18,41661
مادیرا,38427.0,37090.0,2020-06-08,1399-03-19,41661
مادیرا,39467.0,38427.0,2020-06-09,1399-03-20,41661
مادیرا,41440.0,39467.0,2020-06-10,1399-03-21,41661
مادیرا,43512.0,41440.0,2020-06-13,1399-03-24,41661
مادیرا,45586.0,43512.0,2020-06-14,1399-03-25,41661
مادیرا,47084.0,45586.0,2020-06-20,1399-03-31,41661
مادیرا,49379.0,47084.0,2020-06-21,1399-04-01,41661
مادیرا,48624.0,49379.0,2020-06-22,1399-04-02,41661
مادیرا,48353.0,48624.0,2020-06-23,1399-04-03,41661
مادیرا,48131.0,48353.0,2020-06-24,1399-04-04,41661
مادیرا,46044.0,48131.0,2020-06-29,1399-04-09,41661
مادیرا,48137.0,46044.0,2020-06-30,1399-04-10,41661
مادیرا,47591.0,48137.0,2020-07-01,1399-04-11,41661
مادیرا,45679.0,47591.0,2020-07-04,1399-04-14,41661
مادیرا,44514.0,45679.0,2020-07-05,1399-04-15,41661
مادیرا,46469.0,44514.0,2020-07-06,1399-04-16,41661
مادیرا,45113.0,46469.0,2020-07-07,1399-04-17,41661
مادیرا,43197.0,45113.0,2020-07-08,1399-04-18,41661
مادیرا,41270.0,43197.0,2020-07-11,1399-04-21,41661
مادیرا,43085.0,41270.0,2020-07-12,1399-04-22,41661
مادیرا,41349.0,43085.0,2020-07-13,1399-04-23,41661
مادیرا,41661.0,41349.0,2020-07-14,1399-04-24,41661
نطرین,61849.0,,2020-04-04,1399-01-16,127577
نطرین,62870.0,61849.0,2020-04-05,1399-01-17,127577
نطرین,65719.0,62870.0,2020-04-06,1399-01-18,127577
نطرین,66989.0,65719.0,2020-04-07,1399-01-19,127577
نطرین,65652.0,66989.0,2020-04-08,1399-01-20,127577
نطرین,66201.0,65652.0,2020-04-11,1399-01-23,127577
نطرین,69314.0,66201.0,2020-04-12,1399-01-24,127577
نطرین,70767.0,69314.0,2020-04-13,1399-01-25,127577
نطرین,69465.0,70767.0,2020-04-14,1399-01-26,127577
نطرین,69978.0,69465.0,2020-04-15,1399-01-27,127577
نطرین,71035.0,69978.0,2020-04-18,1399-01-30,127577
نطرین,70154.0,71035.0,2020-04-19,1399-01-31,127577
نطرین,72198.0,70154.0,2020-04-20,1399-02-01,127577
نطرین,74009.0,72198.0,2020-04-21,1399-02-02,127577
نطرین,75536.0,74009.0,2020-04-22,1399-02-03,127577
نطرین,77380.0,75536.0,2020-04-25,1399-02-06,127577
نطرین,80905.0,77380.0,2020-04-26,1399-02-07,127577
نطرین,84851.0,80905.0,2020-04-27,1399-02-08,127577
نطرین,87856.0,84851.0,2020-04-28,1399-02-09,127577
نطرین,89490.0,87856.0,2020-04-29,1399-02-10,127577
نطرین,92591.0,89490.0,2020-05-02,1399-02-13,127577
نطرین,97220.0,92591.0,2020-05-03,1399-02-14,127577
نطرین,98838.0,97220.0,2020-05-04,1399-02-15,127577
نطرین,99069.0,98838.0,2020-05-05,1399-02-16,127577
نطرین,101325.0,99069.0,2020-05-06,1399-02-17,127577
نطرین,105990.0,101325.0,2020-05-09,1399-02-20,127577
نطرین,96143.0,105990.0,2020-05-12,1399-02-23,127577
نطرین,94460.0,96143.0,2020-05-13,1399-02-24,127577
نطرین,90505.0,94460.0,2020-05-16,1399-02-27,127577
نطرین,87110.0,90505.0,2020-05-17,1399-02-28,127577
نطرین,91388.0,87110.0,2020-05-18,1399-02-29,127577
نطرین,95539.0,91388.0,2020-05-19,1399-02-30,127577
نطرین,99902.0,95539.0,2020-05-20,1399-02-31,127577
نطرین,104556.0,99902.0,2020-05-23,1399-03-03,127577
نطرین,103703.0,104556.0,2020-05-26,1399-03-06,127577
نطرین,108125.0,103703.0,2020-05-31,1399-03-11,127577
نطرین,106055.0,108125.0,2020-06-01,1399-03-12,127577
نطرین,101414.0,106055.0,2020-06-02,1399-03-13,127577
نطرین,101233.0,101414.0,2020-06-06,1399-03-17,127577
نطرین,103104.0,101233.0,2020-06-07,1399-03-18,127577
نطرین,99658.0,103104.0,2020-06-08,1399-03-19,127577
نطرین,97641.0,99658.0,2020-06-09,1399-03-20,127577
نطرین,97807.0,97641.0,2020-06-10,1399-03-21,127577
نطرین,101955.0,97807.0,2020-06-13,1399-03-24,127577
نطرین,104367.0,101955.0,2020-06-14,1399-03-25,127577
نطرین,100986.0,104367.0,2020-06-20,1399-03-31,127577
نطرین,102198.0,100986.0,2020-06-21,1399-04-01,127577
نطرین,106937.0,102198.0,2020-06-22,1399-04-02,127577
نطرین,112055.0,106937.0,2020-06-23,1399-04-03,127577
نطرین,111985.0,112055.0,2020-06-24,1399-04-04,127577
نطرین,112188.0,111985.0,2020-06-27,1399-04-07,127577
نطرین,117797.0,112188.0,2020-06-28,1399-04-08,127577
نطرین,121463.0,117797.0,2020-06-29,1399-04-09,127577
نطرین,125511.0,121463.0,2020-06-30,1399-04-10,127577
نطرین,131786.0,125511.0,2020-07-01,1399-04-11,127577
نطرین,135170.0,131786.0,2020-07-04,1399-04-14,127577
نطرین,129863.0,135170.0,2020-07-05,1399-04-15,127577
نطرین,125818.0,129863.0,2020-07-06,1399-04-16,127577
نطرین,127577.0,125818.0,2020-07-07,1399-04-17,127577
ولیز,28475.0,,2020-04-04,1399-01-16,19140
ولیز,28326.0,28475.0,2020-04-05,1399-01-17,19140
ولیز,27588.0,28326.0,2020-04-06,1399-01-18,19140
ولیز,28571.0,27588.0,2020-04-07,1399-01-19,19140
ولیز,29991.0,28571.0,2020-04-08,1399-01-20,19140
ولیز,29056.0,29991.0,2020-04-11,1399-01-23,19140
ولیز,28170.0,29056.0,2020-04-12,1399-01-24,19140
ولیز,28179.0,28170.0,2020-04-13,1399-01-25,19140
ولیز,26842.0,28179.0,2020-04-14,1399-01-26,19140
ولیز,28147.0,26842.0,2020-04-15,1399-01-27,19140
ولیز,29554.0,28147.0,2020-04-18,1399-01-30,19140
ولیز,30622.0,29554.0,2020-04-19,1399-01-31,19140
ولیز,29465.0,30622.0,2020-04-20,1399-02-01,19140
ولیز,27992.0,29465.0,2020-04-21,1399-02-02,19140
ولیز,27096.0,27992.0,2020-04-22,1399-02-03,19140
ولیز,27563.0,27096.0,2020-04-25,1399-02-06,19140
ولیز,26377.0,27563.0,2020-04-26,1399-02-07,19140
ولیز,25420.0,26377.0,2020-04-27,1399-02-08,19140
ولیز,25001.0,25420.0,2020-04-28,1399-02-09,19140
ولیز,26204.0,25001.0,2020-04-29,1399-02-10,19140
ولیز,27514.0,26204.0,2020-05-02,1399-02-13,19140
ولیز,28591.0,27514.0,2020-05-03,1399-02-14,19140
ولیز,27246.0,28591.0,2020-05-04,1399-02-15,19140
ولیز,26215.0,27246.0,2020-05-05,1399-02-16,19140
ولیز,24905.0,26215.0,2020-05-06,1399-02-17,19140
ولیز,24460.0,24905.0,2020-05-09,1399-02-20,19140
ولیز,23768.0,24460.0,2020-05-10,1399-02-21,19140
ولیز,23057.0,23768.0,2020-05-11,1399-02-22,19140
ولیز,21231.0,23057.0,2020-05-20,1399-02-31,19140
ولیز,20702.0,21231.0,2020-05-23,1399-03-03,19140
ولیز,20377.0,20702.0,2020-05-26,1399-03-06,19140
ولیز,19761.0,20377.0,2020-05-27,1399-03-07,19140
ولیز,19435.0,19761.0,2020-05-30,1399-03-10,19140
ولیز,20340.0,19435.0,2020-05-31,1399-03-11,19140
ولیز,21053.0,20340.0,2020-06-01,1399-03-12,19140
ولیز,22025.0,21053.0,2020-06-02,1399-03-13,19140
ولیز,21316.0,22025.0,2020-06-06,1399-03-17,19140
ولیز,20954.0,21316.0,2020-06-07,1399-03-18,19140
ولیز,20300.0,20954.0,2020-06-08,1399-03-19,19140
ولیز,20256.0,20300.0,2020-06-09,1399-03-20,19140
ولیز,20296.0,20256.0,2020-06-10,1399-03-21,19140
ولیز,20020.0,20296.0,2020-06-13,1399-03-24,19140
ولیز,19350.0,20020.0,2020-06-14,1399-03-25,19140
ولیز,20310.0,19350.0,2020-06-15,1399-03-26,19140
ولیز,21320.0,20310.0,2020-06-16,1399-03-27,19140
ولیز,22380.0,21320.0,2020-06-20,1399-03-31,19140
ولیز,22470.0,22380.0,2020-06-21,1399-04-01,19140
ولیز,21500.0,22470.0,2020-06-22,1399-04-02,19140
ولیز,21240.0,21500.0,2020-06-23,1399-04-03,19140
ولیز,20290.0,21240.0,2020-06-24,1399-04-04,19140
ولیز,20440.0,20290.0,2020-06-27,1399-04-07,19140
ولیز,19510.0,20440.0,2020-06-28,1399-04-08,19140
ولیز,18590.0,19510.0,2020-06-29,1399-04-09,19140
ولیز,19320.0,18590.0,2020-06-30,1399-04-10,19140
ولیز,19440.0,19320.0,2020-07-01,1399-04-11,19140
ولیز,18550.0,19440.0,2020-07-04,1399-04-14,19140
ولیز,18230.0,18550.0,2020-07-05,1399-04-15,19140
ولیز,19070.0,18230.0,2020-07-06,1399-04-16,19140
ولیز,18600.0,19070.0,2020-07-07,1399-04-17,19140
ولیز,18250.0,18600.0,2020-07-08,1399-04-18,19140
ولیز,17420.0,18250.0,2020-07-11,1399-04-21,19140
ولیز,18190.0,17420.0,2020-07-12,1399-04-22,19140
ولیز,17480.0,18190.0,2020-07-13,1399-04-23,19140
ولیز,18230.0,17480.0,2020-07-14,1399-04-24,19140
ولیز,19140.0,18230.0,2020-07-15,1399-04-25,19140
ونفت,9809.0,,2020-04-04,1399-01-16,18160
ونفت,10115.0,9809.0,2020-04-05,1399-01-17,18160
ونفت,10184.0,10115.0,2020-04-06,1399-01-18,18160
ونفت,10605.0,10184.0,2020-04-07,1399-01-19,18160
ونفت,11135.0,10605.0,2020-04-08,1399-01-20,18160
ونفت,11691.0,11135.0,2020-04-11,1399-01-23,18160
ونفت,12275.0,11691.0,2020-04-12,1399-01-24,18160
ونفت,12888.0,12275.0,2020-04-13,1399-01-25,18160
ونفت,13532.0,12888.0,2020-04-14,1399-01-26,18160
ونفت,13794.0,13532.0,2020-04-15,1399-01-27,18160
ونفت,14483.0,13794.0,2020-04-18,1399-01-30,18160
ونفت,14716.0,14483.0,2020-04-19,1399-01-31,18160
ونفت,15171.0,14716.0,2020-04-20,1399-02-01,18160
ونفت,15232.0,15171.0,2020-04-21,1399-02-02,18160
ونفت,15208.0,15232.0,2020-04-22,1399-02-03,18160
ونفت,15938.0,15208.0,2020-04-25,1399-02-06,18160
ونفت,15464.0,15938.0,2020-04-26,1399-02-07,18160
ونفت,14848.0,15464.0,2020-04-27,1399-02-08,18160
ونفت,15518.0,14848.0,2020-04-28,1399-02-09,18160
ونفت,16293.0,15518.0,2020-04-29,1399-02-10,18160
ونفت,17107.0,16293.0,2020-05-02,1399-02-13,18160
ونفت,17733.0,17107.0,2020-05-03,1399-02-14,18160
ونفت,17220.0,17733.0,2020-05-04,1399-02-15,18160
ونفت,16639.0,17220.0,2020-05-05,1399-02-16,18160
ونفت,15867.0,16639.0,2020-05-06,1399-02-17,18160
ونفت,16617.0,15867.0,2020-05-09,1399-02-20,18160
ونفت,16591.0,16617.0,2020-05-10,1399-02-21,18160
ونفت,15804.0,16591.0,2020-05-11,1399-02-22,18160
ونفت,15133.0,15804.0,2020-05-12,1399-02-23,18160
ونفت,14662.0,15133.0,2020-05-13,1399-02-24,18160
ونفت,14069.0,14662.0,2020-05-16,1399-02-27,18160
ونفت,13917.0,14069.0,2020-05-17,1399-02-28,18160
ونفت,14598.0,13917.0,2020-05-18,1399-02-29,18160
ونفت,14831.0,14598.0,2020-05-19,1399-02-30,18160
ونفت,14109.0,14831.0,2020-05-20,1399-02-31,18160
ونفت,13514.0,14109.0,2020-05-23,1399-03-03,18160
ونفت,12878.0,13514.0,2020-05-26,1399-03-06,18160
ونفت,13158.0,12878.0,2020-05-27,1399-03-07,18160
ونفت,13815.0,13158.0,2020-05-30,1399-03-10,18160
ونفت,14293.0,13815.0,2020-05-31,1399-03-11,18160
ونفت,14967.0,14293.0,2020-06-01,1399-03-12,18160
ونفت,15698.0,14967.0,2020-06-02,1399-03-13,18160
ونفت,16016.0,15698.0,2020-06-06,1399-03-17,18160
ونفت,16503.0,16016.0,2020-06-07,1399-03-18,18160
ونفت,17228.0,16503.0,2020-06-08,1399-03-19,18160
ونفت,18019.0,17228.0,2020-06-09,1399-03-20,18160
ونفت,18874.0,18019.0,2020-06-10,1399-03-21,18160
ونفت,18340.0,18874.0,2020-06-13,1399-03-24,18160
ونفت,17490.0,18340.0,2020-06-14,1399-03-25,18160
ونفت,17800.0,17490.0,2020-06-22,1399-04-02,18160
ونفت,18610.0,17800.0,2020-06-23,1399-04-03,18160
ونفت,19120.0,18610.0,2020-06-24,1399-04-04,18160
ونفت,20070.0,19120.0,2020-06-27,1399-04-07,18160
ونفت,19930.0,20070.0,2020-06-28,1399-04-08,18160
ونفت,19190.0,19930.0,2020-06-29,1399-04-09,18160
ونفت,18460.0,19190.0,2020-07-04,1399-04-14,18160
ونفت,18550.0,18460.0,2020-07-05,1399-04-15,18160
ونفت,19390.0,18550.0,2020-07-06,1399-04-16,18160
ونفت,18730.0,19390.0,2020-07-07,1399-04-17,18160
ونفت,18120.0,18730.0,2020-07-08,1399-04-18,18160
ونفت,17490.0,18120.0,2020-07-11,1399-04-21,18160
ونفت,18270.0,17490.0,2020-07-12,1399-04-22,18160
ونفت,18160.0,18270.0,2020-07-13,1399-04-23,18160
